Timestamp,Event,Path
2023-09-02 12:58:05,modified,C:/Users/Asus\AppData\Local\Google\Chrome\User Data\Profile 1\Network\Reporting and NEL-journal
2023-09-02 12:58:06,modified,C:/Users/Asus\AppData\Local\Google\Chrome\User Data\Profile 1\Network\Reporting and NEL-journal
2023-09-02 12:58:06,modified,C:/Users/Asus\AppData\Local\Google\Chrome\User Data\Profile 1\Network\Reporting and NEL
2023-09-02 12:58:06,modified,C:/Users/Asus\AppData\Local\Google\Chrome\User Data\Profile 1\Network\Reporting and NEL-journal
2023-09-02 12:58:06,modified,C:/Users/Asus\AppData\Local\Temp
2023-09-02 12:58:06,created,C:/Users/Asus\AppData\Local\Temp\7t6k3cap
2023-09-02 12:58:06,modified,C:/Users/Asus\AppData\Local\Temp
2023-09-02 12:58:06,modified,C:/Users/Asus\AppData\Local\Temp\7t6k3cap
2023-09-02 12:58:06,deleted,C:/Users/Asus\AppData\Local\Temp\7t6k3cap
2023-09-02 12:58:06,modified,C:/Users/Asus\AppData\Local\Temp
2023-09-02 12:58:06,created,C:/Users/Asus\AppData\Local\Temp\openpyxl.2y60qjcl
2023-09-02 12:58:06,modified,C:/Users/Asus\AppData\Local\Temp
2023-09-02 12:58:06,modified,C:/Users/Asus\AppData\Local\Temp\openpyxl.2y60qjcl
2023-09-02 12:58:06,deleted,C:/Users/Asus\AppData\Local\Temp\openpyxl.2y60qjcl
2023-09-02 12:58:06,modified,C:/Users/Asus\AppData\Local\Temp
2023-09-02 12:58:06,created,C:/Users/Asus\AppData\Local\Temp\openpyxl.f8t7sc5n
2023-09-02 12:58:06,modified,C:/Users/Asus\AppData\Local\Temp
2023-09-02 12:58:06,modified,C:/Users/Asus\AppData\Local\Temp\openpyxl.f8t7sc5n
2023-09-02 12:58:06,deleted,C:/Users/Asus\AppData\Local\Temp\openpyxl.f8t7sc5n
2023-09-02 12:58:06,modified,C:/Users/Asus\AppData\Local\Temp
2023-09-02 12:58:06,created,C:/Users/Asus\AppData\Local\Temp\openpyxl.8xtgll25
2023-09-02 12:58:06,modified,C:/Users/Asus\AppData\Local\Temp
2023-09-02 12:58:06,modified,C:/Users/Asus\AppData\Local\Temp\openpyxl.8xtgll25
2023-09-02 12:58:06,deleted,C:/Users/Asus\AppData\Local\Temp\openpyxl.8xtgll25
2023-09-02 12:58:06,modified,C:/Users/Asus\AppData\Local\Temp
2023-09-02 12:58:06,created,C:/Users/Asus\AppData\Local\Temp\openpyxl.yjjmyb42
2023-09-02 12:58:06,modified,C:/Users/Asus\AppData\Local\Temp
2023-09-02 12:58:06,modified,C:/Users/Asus\AppData\Local\Temp\openpyxl.yjjmyb42
2023-09-02 12:58:06,deleted,C:/Users/Asus\AppData\Local\Temp\openpyxl.yjjmyb42
2023-09-02 12:58:06,modified,C:/Users/Asus\AppData\Local\Temp
2023-09-02 12:58:06,created,C:/Users/Asus\AppData\Local\Temp\openpyxl.hr8q1wvo
2023-09-02 12:58:06,modified,C:/Users/Asus\AppData\Local\Temp
2023-09-02 12:58:06,Security Breach,C:/Users/Asus\AppData\Local\Temp\openpyxl.hr8q1wvo
2023-09-02 12:58:07,deleted,C:/Users/Asus\AppData\Local\Temp\openpyxl.hr8q1wvo
2023-09-02 12:58:07,modified,C:/Users/Asus\AppData\Local\Temp
2023-09-02 12:58:07,created,C:/Users/Asus\AppData\Local\Temp\openpyxl.ucgjs1_w
2023-09-02 12:58:07,modified,C:/Users/Asus\AppData\Local\Temp
2023-09-02 12:58:07,modified,C:/Users/Asus\AppData\Local\Temp\openpyxl.ucgjs1_w
2023-09-02 12:58:07,deleted,C:/Users/Asus\AppData\Local\Temp\openpyxl.ucgjs1_w
2023-09-02 12:58:07,modified,C:/Users/Asus\AppData\Local\Temp
2023-09-02 12:58:07,created,C:/Users/Asus\AppData\Local\Temp\openpyxl.j4b2vk2m
2023-09-02 12:58:07,modified,C:/Users/Asus\AppData\Local\Temp
2023-09-02 12:58:07,modified,C:/Users/Asus\AppData\Local\Temp\openpyxl.j4b2vk2m
2023-09-02 12:58:07,deleted,C:/Users/Asus\AppData\Local\Temp\openpyxl.j4b2vk2m
2023-09-02 12:58:07,Security Breach,C:/Users/Asus\AppData\Local\Temp
2023-09-02 12:58:08,Security Breach,C:/Users/Asus\AppData\Local\Temp\openpyxl.q_trj8xk
2023-09-02 12:58:09,modified,C:/Users/Asus\AppData\Local\Temp
2023-09-02 12:58:09,modified,C:/Users/Asus\AppData\Local\Temp\openpyxl.q_trj8xk
2023-09-02 12:58:09,deleted,C:/Users/Asus\AppData\Local\Temp\openpyxl.q_trj8xk
2023-09-02 12:58:09,modified,C:/Users/Asus\AppData\Local\Temp
2023-09-02 12:58:09,created,C:/Users/Asus\AppData\Local\Temp\openpyxl.jri0z3rf
2023-09-02 12:58:09,Security Breach,C:/Users/Asus\AppData\Local\Temp
2023-09-02 12:58:10,modified,C:/Users/Asus\AppData\Local\Temp\openpyxl.jri0z3rf
2023-09-02 12:58:10,deleted,C:/Users/Asus\AppData\Local\Temp\openpyxl.jri0z3rf
2023-09-02 12:58:10,modified,C:/Users/Asus\AppData\Local\Temp
2023-09-02 12:58:10,created,C:/Users/Asus\AppData\Local\Temp\openpyxl.e5cc09tr
2023-09-02 12:58:10,modified,C:/Users/Asus\AppData\Local\Temp
2023-09-02 12:58:10,modified,C:/Users/Asus\AppData\Local\Temp\openpyxl.e5cc09tr
2023-09-02 12:58:10,deleted,C:/Users/Asus\AppData\Local\Temp\openpyxl.e5cc09tr
2023-09-02 12:58:10,modified,C:/Users/Asus\AppData\Local\Temp
2023-09-02 12:58:10,created,C:/Users/Asus\AppData\Local\Temp\openpyxl.cw5nzpuh
2023-09-02 12:58:10,modified,C:/Users/Asus\AppData\Local\Temp
2023-09-02 12:58:10,Security Breach,C:/Users/Asus\AppData\Local\Temp\openpyxl.cw5nzpuh
2023-09-02 12:58:12,deleted,C:/Users/Asus\AppData\Local\Temp\openpyxl.cw5nzpuh
2023-09-02 12:58:12,modified,C:/Users/Asus\AppData\Local\Temp
2023-09-02 12:58:12,created,C:/Users/Asus\AppData\Local\Temp\openpyxl.9ugqizrr
2023-09-02 12:58:12,modified,C:/Users/Asus\AppData\Local\Temp
2023-09-02 12:58:12,modified,C:/Users/Asus\AppData\Local\Temp\openpyxl.9ugqizrr
2023-09-02 12:58:12,deleted,C:/Users/Asus\AppData\Local\Temp\openpyxl.9ugqizrr
2023-09-02 12:58:12,modified,C:/Users/Asus\AppData\Local\Temp
2023-09-02 12:58:12,created,C:/Users/Asus\AppData\Local\Temp\openpyxl.03fucn99
2023-09-02 12:58:12,modified,C:/Users/Asus\AppData\Local\Temp
2023-09-02 12:58:12,modified,C:/Users/Asus\AppData\Local\Temp\openpyxl.03fucn99
2023-09-02 12:58:12,deleted,C:/Users/Asus\AppData\Local\Temp\openpyxl.03fucn99
2023-09-02 12:58:12,modified,C:/Users/Asus\AppData\Local\Temp
2023-09-02 12:58:12,created,C:/Users/Asus\AppData\Local\Temp\openpyxl.b6pgt3hh
2023-09-02 12:58:12,modified,C:/Users/Asus\AppData\Local\Temp
2023-09-02 12:58:12,modified,C:/Users/Asus\AppData\Local\Temp\openpyxl.b6pgt3hh
2023-09-02 12:58:12,deleted,C:/Users/Asus\AppData\Local\Temp\openpyxl.b6pgt3hh
2023-09-02 12:58:12,modified,C:/Users/Asus\AppData\Local\Temp
2023-09-02 12:58:12,created,C:/Users/Asus\AppData\Local\Temp\openpyxl.12b3dsx0
2023-09-02 12:58:12,modified,C:/Users/Asus\AppData\Local\Temp
2023-09-02 12:58:12,modified,C:/Users/Asus\AppData\Local\Temp\openpyxl.12b3dsx0
2023-09-02 12:58:12,deleted,C:/Users/Asus\AppData\Local\Temp\openpyxl.12b3dsx0
2023-09-02 12:58:12,modified,C:/Users/Asus\AppData\Local\Temp
2023-09-02 12:58:12,created,C:/Users/Asus\AppData\Local\Temp\openpyxl.b_18hwzn
2023-09-02 12:58:12,modified,C:/Users/Asus\AppData\Local\Temp
2023-09-02 12:58:12,modified,C:/Users/Asus\AppData\Local\Temp\openpyxl.b_18hwzn
2023-09-02 12:58:12,Security Breach,C:/Users/Asus\AppData\Local\Temp\openpyxl.b_18hwzn
2023-09-02 12:58:13,modified,C:/Users/Asus\AppData\Local\Temp
2023-09-02 12:58:13,created,C:/Users/Asus\AppData\Local\Temp\openpyxl.fkq7vjih
2023-09-02 12:58:13,modified,C:/Users/Asus\AppData\Local\Temp
2023-09-02 12:58:13,modified,C:/Users/Asus\AppData\Local\Temp\openpyxl.fkq7vjih
2023-09-02 12:58:13,deleted,C:/Users/Asus\AppData\Local\Temp\openpyxl.fkq7vjih
2023-09-02 12:58:13,modified,C:/Users/Asus\AppData\Local\Temp
2023-09-02 12:58:13,created,C:/Users/Asus\AppData\Local\Temp\openpyxl.5s0jbj46
2023-09-02 12:58:13,modified,C:/Users/Asus\AppData\Local\Temp
2023-09-02 12:58:13,modified,C:/Users/Asus\AppData\Local\Temp\openpyxl.5s0jbj46
2023-09-02 12:58:13,deleted,C:/Users/Asus\AppData\Local\Temp\openpyxl.5s0jbj46
2023-09-02 12:58:13,modified,C:/Users/Asus\AppData\Local\Temp
2023-09-02 12:58:13,created,C:/Users/Asus\AppData\Local\Temp\openpyxl.cv65mq9j
2023-09-02 12:58:13,Security Breach,C:/Users/Asus\AppData\Local\Temp
2023-09-02 12:58:14,modified,C:/Users/Asus\AppData\Local\Temp\openpyxl.cv65mq9j
2023-09-02 12:58:14,deleted,C:/Users/Asus\AppData\Local\Temp\openpyxl.cv65mq9j
2023-09-02 12:58:14,modified,C:/Users/Asus\AppData\Local\Temp
2023-09-02 12:58:14,Security Breach,C:/Users/Asus\AppData\Local\Temp\openpyxl.xbum0c99
2023-09-02 12:58:15,modified,C:/Users/Asus\AppData\Local\Temp
2023-09-02 12:58:15,modified,C:/Users/Asus\AppData\Local\Temp\openpyxl.xbum0c99
2023-09-02 12:58:15,deleted,C:/Users/Asus\AppData\Local\Temp\openpyxl.xbum0c99
2023-09-02 12:58:15,modified,C:/Users/Asus\AppData\Local\Temp
2023-09-02 12:58:15,created,C:/Users/Asus\AppData\Local\Temp\openpyxl.2_x0ci05
2023-09-02 12:58:15,Security Breach,C:/Users/Asus\AppData\Local\Temp
2023-09-02 12:58:16,modified,C:/Users/Asus\AppData\Local\Temp\openpyxl.2_x0ci05
2023-09-02 12:58:17,deleted,C:/Users/Asus\AppData\Local\Temp\openpyxl.2_x0ci05
2023-09-02 12:58:17,modified,C:/Users/Asus\AppData\Local\Temp
2023-09-02 12:58:17,created,C:/Users/Asus\AppData\Local\Temp\openpyxl.fgik9lv8
2023-09-02 12:58:17,modified,C:/Users/Asus\AppData\Local\Temp
2023-09-02 12:58:17,modified,C:/Users/Asus\AppData\Local\Temp\openpyxl.fgik9lv8
2023-09-02 12:58:17,deleted,C:/Users/Asus\AppData\Local\Temp\openpyxl.fgik9lv8
2023-09-02 12:58:17,modified,C:/Users/Asus\AppData\Local\Temp
2023-09-02 12:58:17,created,C:/Users/Asus\AppData\Local\Temp\openpyxl.r0blqgr2
2023-09-02 12:58:17,modified,C:/Users/Asus\AppData\Local\Temp
2023-09-02 12:58:17,modified,C:/Users/Asus\AppData\Local\Temp\openpyxl.r0blqgr2
2023-09-02 12:58:17,deleted,C:/Users/Asus\AppData\Local\Temp\openpyxl.r0blqgr2
2023-09-02 12:58:17,modified,C:/Users/Asus\AppData\Local\Temp
2023-09-02 12:58:17,created,C:/Users/Asus\AppData\Local\Temp\openpyxl.ovopdc5b
2023-09-02 12:58:17,modified,C:/Users/Asus\AppData\Local\Temp
2023-09-02 12:58:17,modified,C:/Users/Asus\AppData\Local\Temp\openpyxl.ovopdc5b
2023-09-02 12:58:17,deleted,C:/Users/Asus\AppData\Local\Temp\openpyxl.ovopdc5b
2023-09-02 12:58:17,modified,C:/Users/Asus\AppData\Local\Temp
2023-09-02 12:58:17,created,C:/Users/Asus\AppData\Local\Temp\openpyxl.62suheua
2023-09-02 12:58:17,modified,C:/Users/Asus\AppData\Local\Temp
2023-09-02 12:58:17,modified,C:/Users/Asus\AppData\Local\Temp\openpyxl.62suheua
2023-09-02 12:58:17,deleted,C:/Users/Asus\AppData\Local\Temp\openpyxl.62suheua
2023-09-02 12:58:17,modified,C:/Users/Asus\AppData\Local\Temp
2023-09-02 12:58:17,created,C:/Users/Asus\AppData\Local\Temp\openpyxl.7e3e2z1c
2023-09-02 12:58:17,modified,C:/Users/Asus\AppData\Local\Temp
2023-09-02 12:58:17,modified,C:/Users/Asus\AppData\Local\Temp\openpyxl.7e3e2z1c
2023-09-02 12:58:17,deleted,C:/Users/Asus\AppData\Local\Temp\openpyxl.7e3e2z1c
2023-09-02 12:58:17,modified,C:/Users/Asus\AppData\Local\Temp
2023-09-02 12:58:17,created,C:/Users/Asus\AppData\Local\Temp\openpyxl.adaxho8k
2023-09-02 12:58:17,modified,C:/Users/Asus\AppData\Local\Temp
2023-09-02 12:58:17,modified,C:/Users/Asus\AppData\Local\Temp\openpyxl.adaxho8k
2023-09-02 12:58:17,deleted,C:/Users/Asus\AppData\Local\Temp\openpyxl.adaxho8k
2023-09-02 12:58:17,modified,C:/Users/Asus\AppData\Local\Temp
2023-09-02 12:58:17,created,C:/Users/Asus\AppData\Local\Temp\openpyxl.5ho4eyxy
2023-09-02 12:58:17,modified,C:/Users/Asus\AppData\Local\Temp
2023-09-02 12:58:17,modified,C:/Users/Asus\AppData\Local\Temp\openpyxl.5ho4eyxy
2023-09-02 12:58:17,deleted,C:/Users/Asus\AppData\Local\Temp\openpyxl.5ho4eyxy
2023-09-02 12:58:17,modified,C:/Users/Asus\AppData\Local\Temp
2023-09-02 12:58:17,created,C:/Users/Asus\AppData\Local\Temp\openpyxl.0avwh2jz
2023-09-02 12:58:17,modified,C:/Users/Asus\AppData\Local\Temp
2023-09-02 12:58:17,modified,C:/Users/Asus\AppData\Local\Temp\openpyxl.0avwh2jz
2023-09-02 12:58:17,deleted,C:/Users/Asus\AppData\Local\Temp\openpyxl.0avwh2jz
2023-09-02 12:58:17,modified,C:/Users/Asus\AppData\Local\Temp
2023-09-02 12:58:17,created,C:/Users/Asus\AppData\Local\Temp\openpyxl.x8vscl7u
2023-09-02 12:58:17,modified,C:/Users/Asus\AppData\Local\Temp
2023-09-02 12:58:17,modified,C:/Users/Asus\AppData\Local\Temp\openpyxl.x8vscl7u
2023-09-02 12:58:17,deleted,C:/Users/Asus\AppData\Local\Temp\openpyxl.x8vscl7u
2023-09-02 12:58:17,modified,C:/Users/Asus\AppData\Local\Temp
2023-09-02 12:58:17,created,C:/Users/Asus\AppData\Local\Temp\openpyxl.eb42rhnu
2023-09-02 12:58:17,modified,C:/Users/Asus\AppData\Local\Temp
2023-09-02 12:58:17,modified,C:/Users/Asus\AppData\Local\Temp\openpyxl.eb42rhnu
2023-09-02 12:58:17,deleted,C:/Users/Asus\AppData\Local\Temp\openpyxl.eb42rhnu
2023-09-02 12:58:18,modified,C:/Users/Asus\AppData\Local\Temp
2023-09-02 12:58:18,created,C:/Users/Asus\AppData\Local\Temp\openpyxl.pmg661iz
2023-09-02 12:58:18,modified,C:/Users/Asus\AppData\Local\Temp
2023-09-02 12:58:18,modified,C:/Users/Asus\AppData\Local\Temp\openpyxl.pmg661iz
2023-09-02 12:58:18,deleted,C:/Users/Asus\AppData\Local\Temp\openpyxl.pmg661iz
2023-09-02 12:58:18,modified,C:/Users/Asus\AppData\Local\Temp
2023-09-02 12:58:18,modified,C:/Users/Asus\AppData\Local\Google\Chrome\User Data\Profile 1\DIPS-journal
2023-09-02 12:58:18,modified,C:/Users/Asus\AppData\Local\Google\Chrome\User Data\Profile 1\DIPS
2023-09-02 12:58:18,modified,C:/Users/Asus\AppData\Local\Google\Chrome\User Data\Profile 1\DIPS-journal
2023-09-02 12:58:18,created,C:/Users/Asus\AppData\Local\Temp\openpyxl.zozj46p5
2023-09-02 12:58:18,modified,C:/Users/Asus\AppData\Local\Temp
2023-09-02 12:58:18,modified,C:/Users/Asus\AppData\Local\Temp\openpyxl.zozj46p5
2023-09-02 12:58:18,deleted,C:/Users/Asus\AppData\Local\Temp\openpyxl.zozj46p5
2023-09-02 12:58:18,modified,C:/Users/Asus\AppData\Local\Temp
2023-09-02 12:58:18,created,C:/Users/Asus\AppData\Local\Temp\openpyxl.wzvr__oe
2023-09-02 12:58:18,modified,C:/Users/Asus\AppData\Local\Temp
2023-09-02 12:58:18,modified,C:/Users/Asus\AppData\Local\Temp\openpyxl.wzvr__oe
2023-09-02 12:58:18,deleted,C:/Users/Asus\AppData\Local\Temp\openpyxl.wzvr__oe
2023-09-02 12:58:18,modified,C:/Users/Asus\AppData\Local\Temp
2023-09-02 12:58:18,created,C:/Users/Asus\AppData\Local\Temp\openpyxl.ja8q06c3
2023-09-02 12:58:18,modified,C:/Users/Asus\AppData\Local\Temp
2023-09-02 12:58:18,modified,C:/Users/Asus\AppData\Local\Temp\openpyxl.ja8q06c3
2023-09-02 12:58:18,deleted,C:/Users/Asus\AppData\Local\Temp\openpyxl.ja8q06c3
2023-09-02 12:58:18,modified,C:/Users/Asus\AppData\Local\Temp
2023-09-02 12:58:18,created,C:/Users/Asus\AppData\Local\Temp\openpyxl.qpt92kna
2023-09-02 12:58:18,modified,C:/Users/Asus\AppData\Local\Temp
2023-09-02 12:58:18,Security Breach,C:/Users/Asus\AppData\Local\Temp\openpyxl.qpt92kna
2023-09-02 12:58:19,deleted,C:/Users/Asus\AppData\Local\Temp\openpyxl.qpt92kna
2023-09-02 12:58:19,modified,C:/Users/Asus\AppData\Local\Temp
2023-09-02 12:58:19,created,C:/Users/Asus\AppData\Local\Temp\openpyxl.c370y0s3
2023-09-02 12:58:19,modified,C:/Users/Asus\AppData\Local\Temp
2023-09-02 12:58:19,modified,C:/Users/Asus\AppData\Local\Temp\openpyxl.c370y0s3
2023-09-02 12:58:19,deleted,C:/Users/Asus\AppData\Local\Temp\openpyxl.c370y0s3
2023-09-02 12:58:19,modified,C:/Users/Asus\AppData\Local\Temp
2023-09-02 12:58:19,created,C:/Users/Asus\AppData\Local\Temp\openpyxl.23wukywp
2023-09-02 12:58:19,modified,C:/Users/Asus\AppData\Local\Temp
2023-09-02 12:58:19,Security Breach,C:/Users/Asus\AppData\Local\Temp\openpyxl.23wukywp
2023-09-02 12:58:20,deleted,C:/Users/Asus\AppData\Local\Temp\openpyxl.23wukywp
2023-09-02 12:58:20,modified,C:/Users/Asus\AppData\Local\Temp
2023-09-02 12:58:20,created,C:/Users/Asus\AppData\Local\Temp\openpyxl.yycqiipl
2023-09-02 12:58:20,modified,C:/Users/Asus\AppData\Local\Temp
2023-09-02 12:58:20,modified,C:/Users/Asus\AppData\Local\Temp\openpyxl.yycqiipl
2023-09-02 12:58:20,deleted,C:/Users/Asus\AppData\Local\Temp\openpyxl.yycqiipl
2023-09-02 12:58:21,modified,C:/Users/Asus\AppData\Local\Temp
2023-09-02 12:58:21,created,C:/Users/Asus\AppData\Local\Temp\openpyxl._khhpzlh
2023-09-02 12:58:21,modified,C:/Users/Asus\AppData\Local\Temp
2023-09-02 12:58:21,modified,C:/Users/Asus\AppData\Local\Temp\openpyxl._khhpzlh
2023-09-02 12:58:21,deleted,C:/Users/Asus\AppData\Local\Temp\openpyxl._khhpzlh
2023-09-02 12:58:21,modified,C:/Users/Asus\AppData\Local\Temp
2023-09-02 12:58:21,Security Breach,C:/Users/Asus\AppData\Local\Temp\openpyxl.8cz8m9f2
2023-09-02 12:58:22,modified,C:/Users/Asus\AppData\Local\Temp
2023-09-02 12:58:22,modified,C:/Users/Asus\AppData\Local\Temp\openpyxl.8cz8m9f2
2023-09-02 12:58:22,deleted,C:/Users/Asus\AppData\Local\Temp\openpyxl.8cz8m9f2
2023-09-02 12:58:22,modified,C:/Users/Asus\AppData\Local\Temp
2023-09-02 12:58:22,created,C:/Users/Asus\AppData\Local\Temp\openpyxl.6vm0gbmp
2023-09-02 12:58:22,Security Breach,C:/Users/Asus\AppData\Local\Temp
2023-09-02 12:58:23,modified,C:/Users/Asus\AppData\Local\Temp\openpyxl.6vm0gbmp
2023-09-02 12:58:23,Security Breach,C:/Users/Asus\AppData\Local\Temp\openpyxl.6vm0gbmp
2023-09-02 12:58:24,modified,C:/Users/Asus\AppData\Local\Temp
2023-09-02 12:58:24,created,C:/Users/Asus\AppData\Local\Temp\openpyxl.gd17hwva
2023-09-02 12:58:24,Security Breach,C:/Users/Asus\AppData\Local\Temp
2023-09-02 12:58:25,modified,C:/Users/Asus\AppData\Local\Temp\openpyxl.gd17hwva
2023-09-02 12:58:25,deleted,C:/Users/Asus\AppData\Local\Temp\openpyxl.gd17hwva
2023-09-02 12:58:25,modified,C:/Users/Asus\AppData\Local\Temp
2023-09-02 12:58:25,created,C:/Users/Asus\AppData\Local\Temp\openpyxl.vmupkzar
2023-09-02 12:58:25,modified,C:/Users/Asus\AppData\Local\Temp
2023-09-02 12:58:25,modified,C:/Users/Asus\AppData\Local\Temp\openpyxl.vmupkzar
2023-09-02 12:58:25,deleted,C:/Users/Asus\AppData\Local\Temp\openpyxl.vmupkzar
2023-09-02 12:58:25,modified,C:/Users/Asus\AppData\Local\Temp
2023-09-02 12:58:25,created,C:/Users/Asus\AppData\Local\Temp\openpyxl.5n25buyv
2023-09-02 12:58:25,modified,C:/Users/Asus\AppData\Local\Temp
2023-09-02 12:58:25,modified,C:/Users/Asus\AppData\Local\Temp\openpyxl.5n25buyv
2023-09-02 12:58:25,deleted,C:/Users/Asus\AppData\Local\Temp\openpyxl.5n25buyv
2023-09-02 12:58:25,modified,C:/Users/Asus\AppData\Local\Temp
2023-09-02 12:58:25,created,C:/Users/Asus\AppData\Local\Temp\openpyxl.hbf_xsxj
2023-09-02 12:58:25,Security Breach,C:/Users/Asus\AppData\Local\Temp
2023-09-02 12:58:26,modified,C:/Users/Asus\AppData\Local\Temp\openpyxl.hbf_xsxj
2023-09-02 12:58:26,deleted,C:/Users/Asus\AppData\Local\Temp\openpyxl.hbf_xsxj
2023-09-02 12:58:26,modified,C:/Users/Asus\AppData\Local\Temp
2023-09-02 12:58:26,created,C:/Users/Asus\AppData\Local\Temp\openpyxl.zvajt9z8
2023-09-02 12:58:26,modified,C:/Users/Asus\AppData\Local\Temp
2023-09-02 12:58:27,modified,C:/Users/Asus\AppData\Local\Temp\openpyxl.zvajt9z8
2023-09-02 12:58:27,deleted,C:/Users/Asus\AppData\Local\Temp\openpyxl.zvajt9z8
2023-09-02 12:58:27,modified,C:/Users/Asus\AppData\Local\Temp
2023-09-02 12:58:27,created,C:/Users/Asus\AppData\Local\Temp\openpyxl.w3jqtx2z
2023-09-02 12:58:27,modified,C:/Users/Asus\AppData\Local\Temp
2023-09-02 12:58:27,modified,C:/Users/Asus\AppData\Local\Temp\openpyxl.w3jqtx2z
2023-09-02 12:58:27,deleted,C:/Users/Asus\AppData\Local\Temp\openpyxl.w3jqtx2z
2023-09-02 12:58:27,modified,C:/Users/Asus\AppData\Local\Temp
2023-09-02 12:58:27,created,C:/Users/Asus\AppData\Local\Temp\openpyxl.zuoovd4_
2023-09-02 12:58:27,modified,C:/Users/Asus\AppData\Local\Temp
2023-09-02 12:58:27,modified,C:/Users/Asus\AppData\Local\Temp\openpyxl.zuoovd4_
2023-09-02 12:58:27,deleted,C:/Users/Asus\AppData\Local\Temp\openpyxl.zuoovd4_
2023-09-02 12:58:27,modified,C:/Users/Asus\AppData\Local\Temp
2023-09-02 12:58:27,created,C:/Users/Asus\AppData\Local\Temp\openpyxl._h4gzwzg
2023-09-02 12:58:27,modified,C:/Users/Asus\AppData\Local\Temp
2023-09-02 12:58:27,Security Breach,C:/Users/Asus\AppData\Local\Temp\openpyxl._h4gzwzg
2023-09-02 12:58:28,deleted,C:/Users/Asus\AppData\Local\Temp\openpyxl._h4gzwzg
2023-09-02 12:58:28,modified,C:/Users/Asus\AppData\Local\Temp
2023-09-02 12:58:28,created,C:/Users/Asus\AppData\Local\Temp\openpyxl.b_vt03zi
2023-09-02 12:58:28,modified,C:/Users/Asus\AppData\Local\Temp
2023-09-02 12:58:28,modified,C:/Users/Asus\AppData\Local\Temp\openpyxl.b_vt03zi
2023-09-02 12:58:28,deleted,C:/Users/Asus\AppData\Local\Temp\openpyxl.b_vt03zi
2023-09-02 12:58:28,modified,C:/Users/Asus\AppData\Local\Temp
2023-09-02 12:58:28,created,C:/Users/Asus\AppData\Local\Temp\openpyxl.jixqh2ef
2023-09-02 12:58:28,modified,C:/Users/Asus\AppData\Local\Temp
2023-09-02 12:58:28,modified,C:/Users/Asus\AppData\Local\Temp\openpyxl.jixqh2ef
2023-09-02 12:58:28,deleted,C:/Users/Asus\AppData\Local\Temp\openpyxl.jixqh2ef
2023-09-02 12:58:28,modified,C:/Users/Asus\AppData\Local\Temp
2023-09-02 12:58:28,created,C:/Users/Asus\AppData\Local\Temp\openpyxl.yu85_g6_
2023-09-02 12:58:28,modified,C:/Users/Asus\AppData\Local\Temp
2023-09-02 12:58:28,modified,C:/Users/Asus\AppData\Local\Temp\openpyxl.yu85_g6_
2023-09-02 12:58:28,deleted,C:/Users/Asus\AppData\Local\Temp\openpyxl.yu85_g6_
2023-09-02 12:58:28,modified,C:/Users/Asus\AppData\Local\Temp
2023-09-02 12:58:28,created,C:/Users/Asus\AppData\Local\Temp\openpyxl.n9dwsu03
2023-09-02 12:58:28,modified,C:/Users/Asus\AppData\Local\Temp
2023-09-02 12:58:29,modified,C:/Users/Asus\AppData\Local\Temp\openpyxl.n9dwsu03
2023-09-02 12:58:29,Security Breach,C:/Users/Asus\AppData\Local\Temp\openpyxl.n9dwsu03
2023-09-02 12:58:30,modified,C:/Users/Asus\AppData\Local\Temp
2023-09-02 12:58:30,created,C:/Users/Asus\AppData\Local\Temp\openpyxl.dirxrmfr
2023-09-02 12:58:30,modified,C:/Users/Asus\AppData\Local\Temp
2023-09-02 12:58:30,modified,C:/Users/Asus\AppData\Local\Temp\openpyxl.dirxrmfr
2023-09-02 12:58:30,deleted,C:/Users/Asus\AppData\Local\Temp\openpyxl.dirxrmfr
2023-09-02 12:58:30,modified,C:/Users/Asus\AppData\Local\Temp
2023-09-02 12:58:30,created,C:/Users/Asus\AppData\Local\Temp\openpyxl.pu5q8h85
2023-09-02 12:58:30,Security Breach,C:/Users/Asus\AppData\Local\Temp
2023-09-02 12:58:31,modified,C:/Users/Asus\AppData\Local\Temp\openpyxl.pu5q8h85
2023-09-02 12:58:31,deleted,C:/Users/Asus\AppData\Local\Temp\openpyxl.pu5q8h85
2023-09-02 12:58:31,modified,C:/Users/Asus\AppData\Local\Temp
2023-09-02 12:58:31,created,C:/Users/Asus\AppData\Local\Temp\openpyxl.7nxwspan
2023-09-02 12:58:31,modified,C:/Users/Asus\AppData\Local\Temp
2023-09-02 12:58:31,modified,C:/Users/Asus\AppData\Local\Temp\openpyxl.7nxwspan
2023-09-02 12:58:31,deleted,C:/Users/Asus\AppData\Local\Temp\openpyxl.7nxwspan
2023-09-02 12:58:31,modified,C:/Users/Asus\AppData\Local\Temp
2023-09-02 12:58:31,created,C:/Users/Asus\AppData\Local\Temp\openpyxl.skuw631q
2023-09-02 12:58:31,modified,C:/Users/Asus\AppData\Local\Temp
2023-09-02 12:58:31,Security Breach,C:/Users/Asus\AppData\Local\Temp\openpyxl.skuw631q
2023-09-02 12:58:32,deleted,C:/Users/Asus\AppData\Local\Temp\openpyxl.skuw631q
2023-09-02 12:58:32,Security Breach,C:/Users/Asus\AppData\Local\Temp
2023-09-02 12:58:33,created,C:/Users/Asus\AppData\Local\Temp\openpyxl.coe6kky_
2023-09-02 12:58:33,modified,C:/Users/Asus\AppData\Local\Temp
2023-09-02 12:58:33,modified,C:/Users/Asus\AppData\Local\Temp\openpyxl.coe6kky_
2023-09-02 12:58:33,deleted,C:/Users/Asus\AppData\Local\Temp\openpyxl.coe6kky_
2023-09-02 12:58:33,modified,C:/Users/Asus\AppData\Local\Temp
2023-09-02 12:58:33,created,C:/Users/Asus\AppData\Local\Temp\openpyxl.crwtpkbi
2023-09-02 12:58:33,modified,C:/Users/Asus\AppData\Local\Temp
2023-09-02 12:58:33,modified,C:/Users/Asus\AppData\Local\Temp\openpyxl.crwtpkbi
2023-09-02 12:58:33,deleted,C:/Users/Asus\AppData\Local\Temp\openpyxl.crwtpkbi
2023-09-02 12:58:34,modified,C:/Users/Asus\AppData\Local\Temp
2023-09-02 12:58:34,created,C:/Users/Asus\AppData\Local\Temp\openpyxl.nl5l4dzf
2023-09-02 12:58:34,modified,C:/Users/Asus\AppData\Local\Temp
2023-09-02 12:58:34,modified,C:/Users/Asus\AppData\Local\Temp\openpyxl.nl5l4dzf
2023-09-02 12:58:34,deleted,C:/Users/Asus\AppData\Local\Temp\openpyxl.nl5l4dzf
2023-09-02 12:58:34,modified,C:/Users/Asus\AppData\Local\Temp
2023-09-02 12:58:34,created,C:/Users/Asus\AppData\Local\Temp\openpyxl.j3leprvn
2023-09-02 12:58:34,modified,C:/Users/Asus\AppData\Local\Temp
2023-09-02 12:58:34,Security Breach,C:/Users/Asus\AppData\Local\Temp\openpyxl.j3leprvn
2023-09-02 12:58:35,Security Breach,C:/Users/Asus\AppData\Local\Temp\openpyxl.j3leprvn
2023-09-02 12:58:36,modified,C:/Users/Asus\AppData\Local\Temp
2023-09-02 12:58:36,created,C:/Users/Asus\AppData\Local\Temp\openpyxl.tavhb1n7
2023-09-02 12:58:36,modified,C:/Users/Asus\AppData\Local\Temp
2023-09-02 12:58:36,modified,C:/Users/Asus\AppData\Local\Temp\openpyxl.tavhb1n7
2023-09-02 12:58:36,deleted,C:/Users/Asus\AppData\Local\Temp\openpyxl.tavhb1n7
2023-09-02 12:58:36,modified,C:/Users/Asus\AppData\Local\Temp
2023-09-02 12:58:36,created,C:/Users/Asus\AppData\Local\Temp\openpyxl.v5uzmgl2
2023-09-02 12:58:36,Security Breach,C:/Users/Asus\AppData\Local\Temp
2023-09-02 12:58:37,modified,C:/Users/Asus\AppData\Local\Temp\openpyxl.v5uzmgl2
2023-09-02 12:58:37,deleted,C:/Users/Asus\AppData\Local\Temp\openpyxl.v5uzmgl2
2023-09-02 12:58:37,modified,C:/Users/Asus\AppData\Local\Temp
2023-09-02 12:58:37,created,C:/Users/Asus\AppData\Local\Temp\openpyxl.eqledgab
2023-09-02 12:58:37,modified,C:/Users/Asus\AppData\Local\Temp
2023-09-02 12:58:37,modified,C:/Users/Asus\AppData\Local\Temp\openpyxl.eqledgab
2023-09-02 12:58:37,deleted,C:/Users/Asus\AppData\Local\Temp\openpyxl.eqledgab
2023-09-02 12:58:37,modified,C:/Users/Asus\AppData\Local\Temp
2023-09-02 12:58:37,created,C:/Users/Asus\AppData\Local\Temp\openpyxl.bmlm3u7i
2023-09-02 12:58:37,modified,C:/Users/Asus\AppData\Local\Temp
2023-09-02 12:58:37,modified,C:/Users/Asus\AppData\Local\Temp\openpyxl.bmlm3u7i
2023-09-02 12:58:37,deleted,C:/Users/Asus\AppData\Local\Temp\openpyxl.bmlm3u7i
2023-09-02 12:58:37,modified,C:/Users/Asus\AppData\Local\Temp
2023-09-02 12:58:38,created,C:/Users/Asus\AppData\Local\Temp\openpyxl.h2ul50fd
2023-09-02 12:58:38,modified,C:/Users/Asus\AppData\Local\Temp
2023-09-02 12:58:38,modified,C:/Users/Asus\AppData\Local\Temp\openpyxl.h2ul50fd
2023-09-02 12:58:38,deleted,C:/Users/Asus\AppData\Local\Temp\openpyxl.h2ul50fd
2023-09-02 12:58:38,modified,C:/Users/Asus\AppData\Local\Temp
2023-09-02 12:58:38,created,C:/Users/Asus\AppData\Local\Temp\openpyxl.dbkuhqto
2023-09-02 12:58:38,modified,C:/Users/Asus\AppData\Local\Temp
2023-09-02 12:58:38,modified,C:/Users/Asus\AppData\Local\Temp\openpyxl.dbkuhqto
2023-09-02 12:58:38,deleted,C:/Users/Asus\AppData\Local\Temp\openpyxl.dbkuhqto
2023-09-02 12:58:38,modified,C:/Users/Asus\AppData\Local\Temp
2023-09-02 12:58:38,created,C:/Users/Asus\AppData\Local\Temp\openpyxl.okok1ljd
2023-09-02 12:58:38,Security Breach,C:/Users/Asus\AppData\Local\Temp
2023-09-02 12:58:39,modified,C:/Users/Asus\AppData\Local\Temp\openpyxl.okok1ljd
2023-09-02 12:58:39,deleted,C:/Users/Asus\AppData\Local\Temp\openpyxl.okok1ljd
2023-09-02 12:58:39,modified,C:/Users/Asus\AppData\Local\Temp
2023-09-02 12:58:39,Security Breach,C:/Users/Asus\AppData\Local\Temp\openpyxl.hwn9_432
2023-09-02 12:58:40,modified,C:/Users/Asus\AppData\Local\Temp
2023-09-02 12:58:40,modified,C:/Users/Asus\AppData\Local\Temp\openpyxl.hwn9_432
2023-09-02 12:58:40,deleted,C:/Users/Asus\AppData\Local\Temp\openpyxl.hwn9_432
2023-09-02 12:58:40,modified,C:/Users/Asus\AppData\Local\Temp
2023-09-02 12:58:40,Security Breach,C:/Users/Asus\AppData\Local\Temp\openpyxl.7hob5iyc
2023-09-02 12:58:41,modified,C:/Users/Asus\AppData\Local\Temp
2023-09-02 12:58:41,modified,C:/Users/Asus\AppData\Local\Temp\openpyxl.7hob5iyc
2023-09-02 12:58:41,deleted,C:/Users/Asus\AppData\Local\Temp\openpyxl.7hob5iyc
2023-09-02 12:58:41,modified,C:/Users/Asus\AppData\Local\Temp
2023-09-02 12:58:41,Security Breach,C:/Users/Asus\AppData\Local\Temp\openpyxl.qy0ttw50
2023-09-02 12:58:42,modified,C:/Users/Asus\AppData\Local\Temp
2023-09-02 12:58:42,Security Breach,C:/Users/Asus\AppData\Local\Temp\openpyxl.qy0ttw50
2023-09-02 12:58:43,deleted,C:/Users/Asus\AppData\Local\Temp\openpyxl.qy0ttw50
2023-09-02 12:58:44,modified,C:/Users/Asus\AppData\Local\Temp
2023-09-02 12:58:44,Security Breach,C:/Users/Asus\AppData\Local\Temp\openpyxl._deyl61g
2023-09-02 12:58:45,Security Breach,C:/Users/Asus\AppData\Local\Temp
2023-09-02 12:58:46,modified,C:/Users/Asus\AppData\Local\Temp\openpyxl._deyl61g
2023-09-02 12:58:46,deleted,C:/Users/Asus\AppData\Local\Temp\openpyxl._deyl61g
2023-09-02 12:58:46,modified,C:/Users/Asus\AppData\Local\Temp
2023-09-02 12:58:46,created,C:/Users/Asus\AppData\Local\Temp\openpyxl.9kmxfm8o
2023-09-02 12:58:46,Security Breach,C:/Users/Asus\AppData\Local\Temp
2023-09-02 12:58:47,modified,C:/Users/Asus\AppData\Local\Temp\openpyxl.9kmxfm8o
2023-09-02 12:58:47,deleted,C:/Users/Asus\AppData\Local\Temp\openpyxl.9kmxfm8o
2023-09-02 12:58:47,modified,C:/Users/Asus\AppData\Local\Temp
2023-09-02 12:58:47,created,C:/Users/Asus\AppData\Local\Temp\openpyxl.sdrhewey
2023-09-02 12:58:47,modified,C:/Users/Asus\AppData\Local\Temp
2023-09-02 12:58:47,Security Breach,C:/Users/Asus\AppData\Local\Temp\openpyxl.sdrhewey
2023-09-02 12:58:48,deleted,C:/Users/Asus\AppData\Local\Temp\openpyxl.sdrhewey
2023-09-02 12:58:48,modified,C:/Users/Asus\AppData\Local\Temp
2023-09-02 12:58:48,created,C:/Users/Asus\AppData\Local\Temp\openpyxl.dcolop80
2023-09-02 12:58:48,modified,C:/Users/Asus\AppData\Local\Temp
2023-09-02 12:58:48,modified,C:/Users/Asus\AppData\Local\Temp\openpyxl.dcolop80
2023-09-02 12:58:48,Security Breach,C:/Users/Asus\AppData\Local\Temp\openpyxl.dcolop80
2023-09-02 12:58:49,modified,C:/Users/Asus\AppData\Local\Temp
2023-09-02 12:58:49,created,C:/Users/Asus\AppData\Local\Temp\openpyxl.xomltmu7
2023-09-02 12:58:49,modified,C:/Users/Asus\AppData\Local\Temp
2023-09-02 12:58:49,modified,C:/Users/Asus\AppData\Local\Temp\openpyxl.xomltmu7
2023-09-02 12:58:49,deleted,C:/Users/Asus\AppData\Local\Temp\openpyxl.xomltmu7
2023-09-02 12:58:49,modified,C:/Users/Asus\AppData\Local\Temp
2023-09-02 12:58:49,Security Breach,C:/Users/Asus\AppData\Local\Temp\openpyxl.af29rzze
2023-09-02 12:58:50,Security Breach,C:/Users/Asus\AppData\Local\Temp
2023-09-02 12:58:51,modified,C:/Users/Asus\AppData\Local\Temp\openpyxl.af29rzze
2023-09-02 12:58:51,Security Breach,C:/Users/Asus\AppData\Local\Temp\openpyxl.af29rzze
2023-09-02 12:58:53,modified,C:/Users/Asus\AppData\Local\Temp
2023-09-02 12:58:53,created,C:/Users/Asus\AppData\Local\Temp\openpyxl.hh6gvmh0
2023-09-02 12:58:53,modified,C:/Users/Asus\AppData\Local\Temp
2023-09-02 12:58:53,modified,C:/Users/Asus\AppData\Local\Temp\openpyxl.hh6gvmh0
2023-09-02 12:58:53,deleted,C:/Users/Asus\AppData\Local\Temp\openpyxl.hh6gvmh0
2023-09-02 12:58:53,Security Breach,C:/Users/Asus\AppData\Local\Temp
2023-09-02 12:58:54,created,C:/Users/Asus\AppData\Local\Temp\openpyxl.mtjq9hu_
2023-09-02 12:58:54,modified,C:/Users/Asus\AppData\Local\Temp
2023-09-02 12:58:54,modified,C:/Users/Asus\AppData\Local\Temp\openpyxl.mtjq9hu_
2023-09-02 12:58:54,deleted,C:/Users/Asus\AppData\Local\Temp\openpyxl.mtjq9hu_
2023-09-02 12:58:54,modified,C:/Users/Asus\AppData\Local\Temp
2023-09-02 12:58:54,created,C:/Users/Asus\AppData\Local\Temp\openpyxl.ekf83opa
2023-09-02 12:58:54,modified,C:/Users/Asus\AppData\Local\Temp
2023-09-02 12:58:54,Security Breach,C:/Users/Asus\AppData\Local\Temp\openpyxl.ekf83opa
2023-09-02 12:58:55,deleted,C:/Users/Asus\AppData\Local\Temp\openpyxl.ekf83opa
2023-09-02 12:58:55,modified,C:/Users/Asus\AppData\Local\Temp
2023-09-02 12:58:55,created,C:/Users/Asus\AppData\Local\Temp\openpyxl.c2r793wd
2023-09-02 12:58:55,modified,C:/Users/Asus\AppData\Local\Temp
2023-09-02 12:58:55,modified,C:/Users/Asus\AppData\Local\Temp\openpyxl.c2r793wd
2023-09-02 12:58:55,deleted,C:/Users/Asus\AppData\Local\Temp\openpyxl.c2r793wd
2023-09-02 12:58:55,modified,C:/Users/Asus\AppData\Local\Temp
2023-09-02 12:58:55,created,C:/Users/Asus\AppData\Local\Temp\openpyxl.2ftqrl4s
2023-09-02 12:58:55,modified,C:/Users/Asus\AppData\Local\Temp
2023-09-02 12:58:55,Security Breach,C:/Users/Asus\AppData\Local\Temp\openpyxl.2ftqrl4s
2023-09-02 12:58:56,deleted,C:/Users/Asus\AppData\Local\Temp\openpyxl.2ftqrl4s
2023-09-02 12:58:56,modified,C:/Users/Asus\AppData\Local\Temp
2023-09-02 12:58:56,created,C:/Users/Asus\AppData\Local\Temp\openpyxl.ya2ziif8
2023-09-02 12:58:56,modified,C:/Users/Asus\AppData\Local\Temp
2023-09-02 12:58:56,modified,C:/Users/Asus\AppData\Local\Temp\openpyxl.ya2ziif8
2023-09-02 12:58:57,deleted,C:/Users/Asus\AppData\Local\Temp\openpyxl.ya2ziif8
2023-09-02 12:58:57,modified,C:/Users/Asus\AppData\Local\Temp
2023-09-02 12:58:57,created,C:/Users/Asus\AppData\Local\Temp\openpyxl.8508auuk
2023-09-02 12:58:57,modified,C:/Users/Asus\AppData\Local\Temp
2023-09-02 12:58:57,modified,C:/Users/Asus\AppData\Local\Temp\openpyxl.8508auuk
2023-09-02 12:58:57,deleted,C:/Users/Asus\AppData\Local\Temp\openpyxl.8508auuk
2023-09-02 12:58:57,modified,C:/Users/Asus\AppData\Local\Temp
2023-09-02 12:58:57,created,C:/Users/Asus\AppData\Local\Temp\openpyxl.xp1dkv71
2023-09-02 12:58:57,modified,C:/Users/Asus\AppData\Local\Temp
2023-09-02 12:58:57,modified,C:/Users/Asus\AppData\Local\Temp\openpyxl.xp1dkv71
2023-09-02 12:58:57,deleted,C:/Users/Asus\AppData\Local\Temp\openpyxl.xp1dkv71
2023-09-02 12:58:57,modified,C:/Users/Asus\AppData\Local\Temp
2023-09-02 12:58:57,created,C:/Users/Asus\AppData\Local\Temp\openpyxl._wh7godb
2023-09-02 12:58:57,modified,C:/Users/Asus\AppData\Local\Temp
2023-09-02 12:58:57,modified,C:/Users/Asus\AppData\Local\Temp\openpyxl._wh7godb
2023-09-02 12:58:57,deleted,C:/Users/Asus\AppData\Local\Temp\openpyxl._wh7godb
2023-09-02 12:58:57,modified,C:/Users/Asus\AppData\Local\Temp
2023-09-02 12:58:57,created,C:/Users/Asus\AppData\Local\Temp\openpyxl.d7eiv84y
2023-09-02 12:58:57,modified,C:/Users/Asus\AppData\Local\Temp
2023-09-02 12:58:57,Security Breach,C:/Users/Asus\AppData\Local\Temp\openpyxl.d7eiv84y
2023-09-02 12:58:58,Security Breach,C:/Users/Asus\AppData\Local\Temp\openpyxl.d7eiv84y
2023-09-02 12:58:59,modified,C:/Users/Asus\AppData\Local\Temp
2023-09-02 12:58:59,modified,C:/Users/Asus\AppData\Local\Google\Chrome\User Data\Profile 1\WebStorage\QuotaManager-journal
2023-09-02 12:58:59,modified,C:/Users/Asus\AppData\Local\Google\Chrome\User Data\Profile 1\WebStorage\QuotaManager
2023-09-02 12:58:59,modified,C:/Users/Asus\AppData\Local\Google\Chrome\User Data\Profile 1\WebStorage\QuotaManager-journal
2023-09-02 12:58:59,modified,C:/Users/Asus\AppData\Local\Google\Chrome\User Data\Profile 1\DIPS-journal
2023-09-02 12:58:59,modified,C:/Users/Asus\AppData\Local\Google\Chrome\User Data\Profile 1\DIPS
2023-09-02 12:58:59,modified,C:/Users/Asus\AppData\Local\Google\Chrome\User Data\Profile 1\DIPS-journal
2023-09-02 12:58:59,created,C:/Users/Asus\AppData\Local\Google\Chrome\User Data\Profile 1\Network\f2a6d61e-5896-4734-bd2e-53d43d7fa37a.tmp
2023-09-02 12:59:00,Security Breach,C:/Users/Asus\AppData\Local\Google\Chrome\User Data\Profile 1\Network\f2a6d61e-5896-4734-bd2e-53d43d7fa37a.tmp
2023-09-02 12:59:01,modified,C:/Users/Asus\AppData\Local\Google\Chrome\User Data\Profile 1\Network
2023-09-02 12:59:01,created,C:/Users/Asus\AppData\Local\Google\Chrome\User Data\Profile 1\Network\Network Persistent State~RF180cdbc3.TMP
2023-09-02 12:59:01,modified,C:/Users/Asus\AppData\Local\Google\Chrome\User Data\Profile 1\Network
2023-09-02 12:59:01,deleted,C:/Users/Asus\AppData\Local\Google\Chrome\User Data\Profile 1\Network\Network Persistent State~RF180cdbc3.TMP
2023-09-02 12:59:01,moved,C:/Users/Asus\AppData\Local\Google\Chrome\User Data\Profile 1\Network\Network Persistent State
2023-09-02 12:59:01,modified,C:/Users/Asus\AppData\Local\Google\Chrome\User Data\Profile 1\Network
2023-09-02 12:59:01,moved,C:/Users/Asus\AppData\Local\Google\Chrome\User Data\Profile 1\Network\f2a6d61e-5896-4734-bd2e-53d43d7fa37a.tmp
2023-09-02 12:59:01,Security Breach,C:/Users/Asus\AppData\Local\Google\Chrome\User Data\Profile 1\Network
2023-09-02 12:59:02,modified,C:/Users/Asus\AppData\Local\Google\Chrome\User Data\Profile 1\Network\Network Persistent State
2023-09-02 12:59:02,deleted,C:/Users/Asus\AppData\Local\Google\Chrome\User Data\Profile 1\Network\Network Persistent State~RF180cdbc3.TMP
2023-09-02 12:59:02,created,C:/Users/Asus\AppData\Local\Temp\openpyxl.ytt0piyc
2023-09-02 12:59:02,modified,C:/Users/Asus\AppData\Local\Temp
2023-09-02 12:59:02,modified,C:/Users/Asus\AppData\Local\Temp\openpyxl.ytt0piyc
2023-09-02 12:59:02,deleted,C:/Users/Asus\AppData\Local\Temp\openpyxl.ytt0piyc
2023-09-02 12:59:02,modified,C:/Users/Asus\AppData\Local\Temp
2023-09-02 12:59:02,created,C:/Users/Asus\AppData\Local\Temp\openpyxl.yl_aoshu
2023-09-02 12:59:02,modified,C:/Users/Asus\AppData\Local\Temp
2023-09-02 12:59:02,modified,C:/Users/Asus\AppData\Local\Temp\openpyxl.yl_aoshu
2023-09-02 12:59:02,Security Breach,C:/Users/Asus\AppData\Local\Temp\openpyxl.yl_aoshu
2023-09-02 12:59:03,modified,C:/Users/Asus\AppData\Local\Temp
2023-09-02 12:59:03,created,C:/Users/Asus\AppData\Local\Temp\openpyxl.zlhb7ic5
2023-09-02 12:59:03,modified,C:/Users/Asus\AppData\Local\Temp
2023-09-02 12:59:03,modified,C:/Users/Asus\AppData\Local\Temp\openpyxl.zlhb7ic5
2023-09-02 12:59:03,deleted,C:/Users/Asus\AppData\Local\Temp\openpyxl.zlhb7ic5
2023-09-02 12:59:03,modified,C:/Users/Asus\AppData\Local\Temp
2023-09-02 12:59:03,Security Breach,C:/Users/Asus\AppData\Local\Temp\openpyxl.sfbar_23
2023-09-02 12:59:05,modified,C:/Users/Asus\AppData\Local\Temp
2023-09-02 12:59:05,modified,C:/Users/Asus\AppData\Local\Temp\openpyxl.sfbar_23
2023-09-02 12:59:05,deleted,C:/Users/Asus\AppData\Local\Temp\openpyxl.sfbar_23
2023-09-02 12:59:05,modified,C:/Users/Asus\AppData\Local\Temp
2023-09-02 12:59:05,created,C:/Users/Asus\AppData\Local\Temp\openpyxl.m8np32su
2023-09-02 12:59:05,modified,C:/Users/Asus\AppData\Local\Temp
2023-09-02 12:59:05,modified,C:/Users/Asus\AppData\Local\Temp\openpyxl.m8np32su
2023-09-02 12:59:05,Security Breach,C:/Users/Asus\AppData\Local\Temp\openpyxl.m8np32su
2023-09-02 12:59:06,modified,C:/Users/Asus\AppData\Local\Temp
2023-09-02 12:59:06,created,C:/Users/Asus\AppData\Local\Temp\openpyxl.e_r14zpo
2023-09-02 12:59:06,modified,C:/Users/Asus\AppData\Local\Temp
2023-09-02 12:59:06,modified,C:/Users/Asus\AppData\Local\Temp\openpyxl.e_r14zpo
2023-09-02 12:59:06,deleted,C:/Users/Asus\AppData\Local\Temp\openpyxl.e_r14zpo
2023-09-02 12:59:06,modified,C:/Users/Asus\AppData\Local\Temp
2023-09-02 12:59:06,created,C:/Users/Asus\AppData\Local\Temp\openpyxl.t1a9r3lr
2023-09-02 12:59:06,Security Breach,C:/Users/Asus\AppData\Local\Temp
2023-09-02 12:59:07,modified,C:/Users/Asus\AppData\Local\Temp\openpyxl.t1a9r3lr
2023-09-02 12:59:07,deleted,C:/Users/Asus\AppData\Local\Temp\openpyxl.t1a9r3lr
2023-09-02 12:59:07,modified,C:/Users/Asus\AppData\Local\Temp
2023-09-02 12:59:07,Security Breach,C:/Users/Asus\AppData\Local\Temp\openpyxl.7495zg55
2023-09-02 12:59:08,modified,C:/Users/Asus\AppData\Local\Temp
2023-09-02 12:59:08,modified,C:/Users/Asus\AppData\Local\Temp\openpyxl.7495zg55
2023-09-02 12:59:08,deleted,C:/Users/Asus\AppData\Local\Temp\openpyxl.7495zg55
2023-09-02 12:59:08,modified,C:/Users/Asus\AppData\Local\Temp
2023-09-02 12:59:08,created,C:/Users/Asus\AppData\Local\Temp\openpyxl.148lij__
2023-09-02 12:59:08,modified,C:/Users/Asus\AppData\Local\Temp
2023-09-02 12:59:08,modified,C:/Users/Asus\AppData\Local\Temp\openpyxl.148lij__
2023-09-02 12:59:09,deleted,C:/Users/Asus\AppData\Local\Temp\openpyxl.148lij__
2023-09-02 12:59:09,modified,C:/Users/Asus\AppData\Local\Temp
2023-09-02 12:59:09,created,C:/Users/Asus\AppData\Local\Temp\openpyxl.jj_x_vok
2023-09-02 12:59:09,modified,C:/Users/Asus\AppData\Local\Temp
2023-09-02 12:59:09,modified,C:/Users/Asus\AppData\Local\Temp\openpyxl.jj_x_vok
2023-09-02 12:59:09,deleted,C:/Users/Asus\AppData\Local\Temp\openpyxl.jj_x_vok
2023-09-02 12:59:09,modified,C:/Users/Asus\AppData\Local\Temp
2023-09-02 12:59:09,created,C:/Users/Asus\AppData\Local\Temp\openpyxl.k89hfh87
2023-09-02 12:59:09,modified,C:/Users/Asus\AppData\Local\Temp
2023-09-02 12:59:09,modified,C:/Users/Asus\AppData\Local\Temp\openpyxl.k89hfh87
2023-09-02 12:59:09,Security Breach,C:/Users/Asus\AppData\Local\Temp\openpyxl.k89hfh87
2023-09-02 12:59:10,modified,C:/Users/Asus\AppData\Local\Temp
2023-09-02 12:59:10,created,C:/Users/Asus\AppData\Local\Temp\openpyxl.ilaxxo5_
2023-09-02 12:59:10,modified,C:/Users/Asus\AppData\Local\Temp
2023-09-02 12:59:10,modified,C:/Users/Asus\AppData\Local\Temp\openpyxl.ilaxxo5_
2023-09-02 12:59:10,deleted,C:/Users/Asus\AppData\Local\Temp\openpyxl.ilaxxo5_
2023-09-02 12:59:10,modified,C:/Users/Asus\AppData\Local\Temp
2023-09-02 12:59:10,created,C:/Users/Asus\AppData\Local\Temp\openpyxl.b9uh8u7h
2023-09-02 12:59:10,modified,C:/Users/Asus\AppData\Local\Temp
2023-09-02 12:59:10,modified,C:/Users/Asus\AppData\Local\Temp\openpyxl.b9uh8u7h
2023-09-02 12:59:10,deleted,C:/Users/Asus\AppData\Local\Temp\openpyxl.b9uh8u7h
2023-09-02 12:59:10,modified,C:/Users/Asus\AppData\Local\Temp
2023-09-02 12:59:10,modified,C:/Users/Asus\AppData\Local\Microsoft\Windows\Notifications\wpndatabase.db-wal
2023-09-02 12:59:10,modified,C:/Users/Asus\AppData\Local\Microsoft\Windows\Notifications\wpndatabase.db
2023-09-02 12:59:10,created,C:/Users/Asus\AppData\Local\Temp\openpyxl.9ymbevrm
2023-09-02 12:59:10,Security Breach,C:/Users/Asus\AppData\Local\Temp
2023-09-02 12:59:11,modified,C:/Users/Asus\AppData\Local\Temp\openpyxl.9ymbevrm
2023-09-02 12:59:12,deleted,C:/Users/Asus\AppData\Local\Temp\openpyxl.9ymbevrm
2023-09-02 12:59:12,modified,C:/Users/Asus\AppData\Local\Temp
2023-09-02 12:59:12,created,C:/Users/Asus\AppData\Local\Temp\openpyxl.a98a1jbj
2023-09-02 12:59:12,modified,C:/Users/Asus\AppData\Local\Temp
2023-09-02 12:59:12,modified,C:/Users/Asus\AppData\Local\Temp\openpyxl.a98a1jbj
2023-09-02 12:59:12,deleted,C:/Users/Asus\AppData\Local\Temp\openpyxl.a98a1jbj
2023-09-02 12:59:12,modified,C:/Users/Asus\AppData\Local\Temp
2023-09-02 12:59:12,created,C:/Users/Asus\AppData\Local\Temp\openpyxl.1taeb68c
2023-09-02 12:59:12,modified,C:/Users/Asus\AppData\Local\Temp
2023-09-02 12:59:12,modified,C:/Users/Asus\AppData\Local\Temp\openpyxl.1taeb68c
2023-09-02 12:59:12,deleted,C:/Users/Asus\AppData\Local\Temp\openpyxl.1taeb68c
2023-09-02 12:59:12,modified,C:/Users/Asus\AppData\Local\Temp
2023-09-02 12:59:12,created,C:/Users/Asus\AppData\Local\Temp\openpyxl.ndu3h_iy
2023-09-02 12:59:12,modified,C:/Users/Asus\AppData\Local\Temp
2023-09-02 12:59:12,modified,C:/Users/Asus\AppData\Local\Temp\openpyxl.ndu3h_iy
2023-09-02 12:59:12,deleted,C:/Users/Asus\AppData\Local\Temp\openpyxl.ndu3h_iy
2023-09-02 12:59:12,modified,C:/Users/Asus\AppData\Local\Temp
2023-09-02 12:59:12,modified,C:/Users/Asus\AppData\Local\Microsoft\Windows\Notifications\wpndatabase.db-wal
2023-09-02 12:59:12,created,C:/Users/Asus\AppData\Local\Temp\openpyxl.cp28zhv8
2023-09-02 12:59:12,modified,C:/Users/Asus\AppData\Local\Temp
2023-09-02 12:59:12,Security Breach,C:/Users/Asus\AppData\Local\Temp\openpyxl.cp28zhv8
2023-09-02 12:59:13,deleted,C:/Users/Asus\AppData\Local\Temp\openpyxl.cp28zhv8
2023-09-02 12:59:13,modified,C:/Users/Asus\AppData\Local\Temp
2023-09-02 12:59:13,created,C:/Users/Asus\AppData\Local\Temp\openpyxl.jru_syve
2023-09-02 12:59:13,Security Breach,C:/Users/Asus\AppData\Local\Temp
2023-09-02 12:59:15,modified,C:/Users/Asus\AppData\Local\Temp\openpyxl.jru_syve
2023-09-02 12:59:15,deleted,C:/Users/Asus\AppData\Local\Temp\openpyxl.jru_syve
2023-09-02 12:59:15,modified,C:/Users/Asus\AppData\Local\Temp
2023-09-02 12:59:15,Security Breach,C:/Users/Asus\AppData\Local\Temp\openpyxl.y14l9yqm
2023-09-02 12:59:16,modified,C:/Users/Asus\AppData\Local\Temp
2023-09-02 12:59:16,modified,C:/Users/Asus\AppData\Local\Temp\openpyxl.y14l9yqm
2023-09-02 12:59:16,deleted,C:/Users/Asus\AppData\Local\Temp\openpyxl.y14l9yqm
2023-09-02 12:59:16,modified,C:/Users/Asus\AppData\Local\Temp
2023-09-02 12:59:16,Security Breach,C:/Users/Asus\AppData\Local\Temp\openpyxl.4f2czzq1
2023-09-02 12:59:17,modified,C:/Users/Asus\AppData\Local\Temp
2023-09-02 12:59:17,modified,C:/Users/Asus\AppData\Local\Temp\openpyxl.4f2czzq1
2023-09-02 12:59:17,deleted,C:/Users/Asus\AppData\Local\Temp\openpyxl.4f2czzq1
2023-09-02 12:59:17,modified,C:/Users/Asus\AppData\Local\Temp
2023-09-02 12:59:17,created,C:/Users/Asus\AppData\Local\Temp\openpyxl.d516a_qk
2023-09-02 12:59:17,modified,C:/Users/Asus\AppData\Local\Temp
2023-09-02 12:59:17,modified,C:/Users/Asus\AppData\Local\Temp\openpyxl.d516a_qk
2023-09-02 12:59:17,deleted,C:/Users/Asus\AppData\Local\Temp\openpyxl.d516a_qk
2023-09-02 12:59:17,modified,C:/Users/Asus\AppData\Local\Temp
2023-09-02 12:59:17,created,C:/Users/Asus\AppData\Local\Temp\openpyxl.a6q1u5g_
2023-09-02 12:59:17,modified,C:/Users/Asus\AppData\Local\Temp
2023-09-02 12:59:17,modified,C:/Users/Asus\AppData\Local\Temp\openpyxl.a6q1u5g_
2023-09-02 12:59:17,deleted,C:/Users/Asus\AppData\Local\Temp\openpyxl.a6q1u5g_
2023-09-02 12:59:17,modified,C:/Users/Asus\AppData\Local\Temp
2023-09-02 12:59:17,modified,C:/Users/Asus\AppData\Local\ASUS\ARMOURY CRATE Diagnosis\ArmouryCrate.UserSessionHelper_2023-09-02.log
2023-09-02 12:59:17,modified,C:/Users/Asus\AppData\Local\Packages\B9ECED6F.ArmouryCrate_qmba6cd70vzyy\LocalState\ScenarioProfile\Config\CurrentStatusCache.xml
2023-09-02 12:59:18,modified,C:/Users/Asus\AppData\Local\ASUS\ARMOURY CRATE Diagnosis\ArmouryCrate.UserSessionHelper_2023-09-02.log
2023-09-02 12:59:18,modified,C:/Users/Asus\AppData\Local\Packages\B9ECED6F.ArmouryCrate_qmba6cd70vzyy\LocalState\ScenarioProfile\Config\CurrentStatusCache.xml
2023-09-02 12:59:18,created,C:/Users/Asus\AppData\Local\Temp\openpyxl.m5qcsgft
2023-09-02 12:59:18,modified,C:/Users/Asus\AppData\Local\Temp
2023-09-02 12:59:18,modified,C:/Users/Asus\AppData\Local\Temp\openpyxl.m5qcsgft
2023-09-02 12:59:18,deleted,C:/Users/Asus\AppData\Local\Temp\openpyxl.m5qcsgft
2023-09-02 12:59:18,modified,C:/Users/Asus\AppData\Local\Temp
2023-09-02 12:59:18,created,C:/Users/Asus\AppData\Local\Temp\openpyxl.hdqk0p_t
2023-09-02 12:59:18,modified,C:/Users/Asus\AppData\Local\Temp
2023-09-02 12:59:18,Security Breach,C:/Users/Asus\AppData\Local\Temp\openpyxl.hdqk0p_t
2023-09-02 12:59:19,deleted,C:/Users/Asus\AppData\Local\Temp\openpyxl.hdqk0p_t
2023-09-02 12:59:19,modified,C:/Users/Asus\AppData\Local\Temp
2023-09-02 12:59:19,created,C:/Users/Asus\AppData\Local\Temp\openpyxl.m12fq3wu
2023-09-02 12:59:19,modified,C:/Users/Asus\AppData\Local\Temp
2023-09-02 12:59:19,modified,C:/Users/Asus\AppData\Local\Temp\openpyxl.m12fq3wu
2023-09-02 12:59:19,deleted,C:/Users/Asus\AppData\Local\Temp\openpyxl.m12fq3wu
2023-09-02 12:59:19,modified,C:/Users/Asus\AppData\Local\Temp
2023-09-02 12:59:19,created,C:/Users/Asus\AppData\Local\Temp\openpyxl.j5bvs137
2023-09-02 12:59:19,Security Breach,C:/Users/Asus\AppData\Local\Temp
2023-09-02 12:59:20,Security Breach,C:/Users/Asus\AppData\Local\Temp\openpyxl.j5bvs137
2023-09-02 12:59:21,deleted,C:/Users/Asus\AppData\Local\Temp\openpyxl.j5bvs137
2023-09-02 12:59:21,modified,C:/Users/Asus\AppData\Local\Temp
2023-09-02 12:59:21,created,C:/Users/Asus\AppData\Local\Temp\openpyxl.u_cbb428
2023-09-02 12:59:21,modified,C:/Users/Asus\AppData\Local\Temp
2023-09-02 12:59:22,modified,C:/Users/Asus\AppData\Local\Temp\openpyxl.u_cbb428
2023-09-02 12:59:22,deleted,C:/Users/Asus\AppData\Local\Temp\openpyxl.u_cbb428
2023-09-02 12:59:22,modified,C:/Users/Asus\AppData\Local\Temp
2023-09-02 12:59:22,created,C:/Users/Asus\AppData\Local\Temp\openpyxl.8cxgquim
2023-09-02 12:59:22,modified,C:/Users/Asus\AppData\Local\Temp
2023-09-02 12:59:22,modified,C:/Users/Asus\AppData\Local\Temp\openpyxl.8cxgquim
2023-09-02 12:59:22,deleted,C:/Users/Asus\AppData\Local\Temp\openpyxl.8cxgquim
2023-09-02 12:59:22,modified,C:/Users/Asus\AppData\Local\Temp
2023-09-02 12:59:22,created,C:/Users/Asus\AppData\Local\Temp\openpyxl.bgo3s1ui
2023-09-02 12:59:22,modified,C:/Users/Asus\AppData\Local\Temp
2023-09-02 12:59:22,modified,C:/Users/Asus\AppData\Local\Temp\openpyxl.bgo3s1ui
2023-09-02 12:59:22,deleted,C:/Users/Asus\AppData\Local\Temp\openpyxl.bgo3s1ui
2023-09-02 12:59:22,Security Breach,C:/Users/Asus\AppData\Local\Temp
2023-09-02 12:59:23,created,C:/Users/Asus\AppData\Local\Temp\openpyxl.norz7b7x
2023-09-02 12:59:23,modified,C:/Users/Asus\AppData\Local\Temp
2023-09-02 12:59:23,modified,C:/Users/Asus\AppData\Local\Temp\openpyxl.norz7b7x
2023-09-02 12:59:23,deleted,C:/Users/Asus\AppData\Local\Temp\openpyxl.norz7b7x
2023-09-02 12:59:23,modified,C:/Users/Asus\AppData\Local\Temp
2023-09-02 12:59:23,created,C:/Users/Asus\AppData\Local\Temp\openpyxl.r2fcoovi
2023-09-02 12:59:23,modified,C:/Users/Asus\AppData\Local\Temp
2023-09-02 12:59:23,modified,C:/Users/Asus\AppData\Local\Temp\openpyxl.r2fcoovi
2023-09-02 12:59:23,deleted,C:/Users/Asus\AppData\Local\Temp\openpyxl.r2fcoovi
2023-09-02 12:59:23,modified,C:/Users/Asus\AppData\Local\Temp
2023-09-02 12:59:23,created,C:/Users/Asus\AppData\Local\Temp\openpyxl.dw41gzed
2023-09-02 12:59:24,modified,C:/Users/Asus\AppData\Local\Temp
2023-09-02 12:59:24,modified,C:/Users/Asus\AppData\Local\Temp\openpyxl.dw41gzed
2023-09-02 12:59:24,deleted,C:/Users/Asus\AppData\Local\Temp\openpyxl.dw41gzed
2023-09-02 12:59:24,modified,C:/Users/Asus\AppData\Local\Temp
2023-09-02 12:59:24,created,C:/Users/Asus\AppData\Local\Temp\openpyxl.lbk9hkop
2023-09-02 12:59:24,Security Breach,C:/Users/Asus\AppData\Local\Temp
2023-09-02 12:59:25,modified,C:/Users/Asus\AppData\Local\Temp\openpyxl.lbk9hkop
2023-09-02 12:59:25,modified,C:/Users/Asus\AppData\Local\ASUS\ARMOURY CRATE Diagnosis\ArmouryCrate.UserSessionHelper_2023-09-02.log
2023-09-02 12:59:25,modified,C:/Users/Asus\AppData\Local\Packages\B9ECED6F.ArmouryCrate_qmba6cd70vzyy\LocalState\ScenarioProfile\Config\CurrentStatusCache.xml
2023-09-02 12:59:25,modified,C:/Users/Asus\AppData\Local\Temp\openpyxl.lbk9hkop
2023-09-02 12:59:25,deleted,C:/Users/Asus\AppData\Local\Temp\openpyxl.lbk9hkop
2023-09-02 12:59:25,modified,C:/Users/Asus\AppData\Local\Packages\B9ECED6F.ArmouryCrate_qmba6cd70vzyy\LocalState\ScenarioProfile\Config\CurrentStatusCache.xml
2023-09-02 12:59:25,modified,C:/Users/Asus\AppData\Local\ASUS\ARMOURY CRATE Diagnosis\ArmouryCrate.UserSessionHelper_2023-09-02.log
2023-09-02 12:59:25,modified,C:/Users/Asus\AppData\Local\Temp
2023-09-02 12:59:25,created,C:/Users/Asus\AppData\Local\Temp\openpyxl.pmg17pw4
2023-09-02 12:59:25,modified,C:/Users/Asus\AppData\Local\Temp
2023-09-02 12:59:25,modified,C:/Users/Asus\AppData\Local\Temp\openpyxl.pmg17pw4
2023-09-02 12:59:25,deleted,C:/Users/Asus\AppData\Local\Temp\openpyxl.pmg17pw4
2023-09-02 12:59:25,modified,C:/Users/Asus\AppData\Local\Temp
2023-09-02 12:59:25,created,C:/Users/Asus\AppData\Local\Temp\openpyxl.6aqgn3v1
2023-09-02 12:59:25,modified,C:/Users/Asus\AppData\Local\Temp
2023-09-02 12:59:25,modified,C:/Users/Asus\AppData\Local\Temp\openpyxl.6aqgn3v1
2023-09-02 12:59:26,deleted,C:/Users/Asus\AppData\Local\Temp\openpyxl.6aqgn3v1
2023-09-02 12:59:26,modified,C:/Users/Asus\AppData\Local\Temp
2023-09-02 12:59:26,created,C:/Users/Asus\AppData\Local\Temp\openpyxl.b0wxzzxe
2023-09-02 12:59:26,modified,C:/Users/Asus\AppData\Local\Temp
2023-09-02 12:59:26,modified,C:/Users/Asus\AppData\Local\Temp\openpyxl.b0wxzzxe
2023-09-02 12:59:26,deleted,C:/Users/Asus\AppData\Local\Temp\openpyxl.b0wxzzxe
2023-09-02 12:59:26,modified,C:/Users/Asus\AppData\Local\Temp
2023-09-02 12:59:26,created,C:/Users/Asus\AppData\Local\Temp\openpyxl.80f2lveh
2023-09-02 12:59:26,modified,C:/Users/Asus\AppData\Local\Temp
2023-09-02 12:59:26,Security Breach,C:/Users/Asus\AppData\Local\Temp\openpyxl.80f2lveh
2023-09-02 12:59:27,deleted,C:/Users/Asus\AppData\Local\Temp\openpyxl.80f2lveh
2023-09-02 12:59:27,Security Breach,C:/Users/Asus\AppData\Local\Temp
2023-09-02 12:59:28,created,C:/Users/Asus\AppData\Local\Temp\openpyxl.r1pog0v9
2023-09-02 12:59:28,modified,C:/Users/Asus\AppData\Local\Temp
2023-09-02 12:59:28,modified,C:/Users/Asus\AppData\Local\Temp\openpyxl.r1pog0v9
2023-09-02 12:59:28,deleted,C:/Users/Asus\AppData\Local\Temp\openpyxl.r1pog0v9
2023-09-02 12:59:28,Security Breach,C:/Users/Asus\AppData\Local\Temp
2023-09-02 12:59:29,Security Breach,C:/Users/Asus\AppData\Local\Temp\openpyxl.nqgsniqb
2023-09-02 12:59:30,modified,C:/Users/Asus\AppData\Local\Temp
2023-09-02 12:59:30,modified,C:/Users/Asus\AppData\Local\Temp\openpyxl.nqgsniqb
2023-09-02 12:59:30,deleted,C:/Users/Asus\AppData\Local\Temp\openpyxl.nqgsniqb
2023-09-02 12:59:30,modified,C:/Users/Asus\AppData\Local\Temp
2023-09-02 12:59:31,created,C:/Users/Asus\AppData\Local\Temp\openpyxl.aczzsoxa
2023-09-02 12:59:31,modified,C:/Users/Asus\AppData\Local\Temp
2023-09-02 12:59:31,modified,C:/Users/Asus\AppData\Local\Temp\openpyxl.aczzsoxa
2023-09-02 12:59:31,deleted,C:/Users/Asus\AppData\Local\Temp\openpyxl.aczzsoxa
2023-09-02 12:59:31,modified,C:/Users/Asus\AppData\Local\Temp
2023-09-02 12:59:31,created,C:/Users/Asus\AppData\Local\Temp\openpyxl.teok_gnk
2023-09-02 12:59:31,modified,C:/Users/Asus\AppData\Local\Temp
2023-09-02 12:59:31,modified,C:/Users/Asus\AppData\Local\Temp\openpyxl.teok_gnk
2023-09-02 12:59:31,deleted,C:/Users/Asus\AppData\Local\Temp\openpyxl.teok_gnk
2023-09-02 12:59:31,modified,C:/Users/Asus\AppData\Local\Temp
2023-09-02 12:59:31,Security Breach,C:/Users/Asus\AppData\Local\Temp\openpyxl.aiud6g97
2023-09-02 12:59:32,modified,C:/Users/Asus\AppData\Local\Temp
2023-09-02 12:59:32,modified,C:/Users/Asus\AppData\Local\Temp\openpyxl.aiud6g97
2023-09-02 12:59:32,deleted,C:/Users/Asus\AppData\Local\Temp\openpyxl.aiud6g97
2023-09-02 12:59:32,modified,C:/Users/Asus\AppData\Local\Temp
2023-09-02 12:59:32,created,C:/Users/Asus\AppData\Local\Temp\openpyxl.onc8enpv
2023-09-02 12:59:32,modified,C:/Users/Asus\AppData\Local\Temp
2023-09-02 12:59:32,modified,C:/Users/Asus\AppData\Local\Temp\openpyxl.onc8enpv
2023-09-02 12:59:32,Security Breach,C:/Users/Asus\AppData\Local\Temp\openpyxl.onc8enpv
2023-09-02 12:59:33,modified,C:/Users/Asus\AppData\Local\Temp
2023-09-02 12:59:33,created,C:/Users/Asus\AppData\Local\Temp\openpyxl.lchnuc_v
2023-09-02 12:59:33,modified,C:/Users/Asus\AppData\Local\Temp
2023-09-02 12:59:34,modified,C:/Users/Asus\AppData\Local\Temp\openpyxl.lchnuc_v
2023-09-02 12:59:34,deleted,C:/Users/Asus\AppData\Local\Temp\openpyxl.lchnuc_v
2023-09-02 12:59:34,modified,C:/Users/Asus\AppData\Local\Temp
2023-09-02 12:59:34,created,C:/Users/Asus\AppData\Local\Temp\openpyxl.he8jwq5x
2023-09-02 12:59:34,modified,C:/Users/Asus\AppData\Local\Temp
2023-09-02 12:59:34,modified,C:/Users/Asus\AppData\Local\Temp\openpyxl.he8jwq5x
2023-09-02 12:59:34,deleted,C:/Users/Asus\AppData\Local\Temp\openpyxl.he8jwq5x
2023-09-02 12:59:34,Security Breach,C:/Users/Asus\AppData\Local\Temp
2023-09-02 12:59:35,created,C:/Users/Asus\AppData\Local\Temp\openpyxl.81wzst3x
2023-09-02 12:59:35,modified,C:/Users/Asus\AppData\Local\Temp
2023-09-02 12:59:35,modified,C:/Users/Asus\AppData\Local\Temp\openpyxl.81wzst3x
2023-09-02 12:59:35,deleted,C:/Users/Asus\AppData\Local\Temp\openpyxl.81wzst3x
2023-09-02 12:59:35,modified,C:/Users/Asus\AppData\Local\Temp
2023-09-02 12:59:35,created,C:/Users/Asus\AppData\Local\Temp\openpyxl.mqznve2t
2023-09-02 12:59:35,modified,C:/Users/Asus\AppData\Local\Temp
2023-09-02 12:59:35,Security Breach,C:/Users/Asus\AppData\Local\Temp\openpyxl.mqznve2t
2023-09-02 12:59:36,deleted,C:/Users/Asus\AppData\Local\Temp\openpyxl.mqznve2t
2023-09-02 12:59:36,modified,C:/Users/Asus\AppData\Local\Temp
2023-09-02 12:59:36,created,C:/Users/Asus\AppData\Local\Temp\openpyxl.baj7zr9p
2023-09-02 12:59:36,modified,C:/Users/Asus\AppData\Local\Temp
2023-09-02 12:59:36,modified,C:/Users/Asus\AppData\Local\Temp\openpyxl.baj7zr9p
2023-09-02 12:59:36,deleted,C:/Users/Asus\AppData\Local\Temp\openpyxl.baj7zr9p
2023-09-02 12:59:37,modified,C:/Users/Asus\AppData\Local\Temp
2023-09-02 12:59:37,created,C:/Users/Asus\AppData\Local\Temp\openpyxl.y7gjtvb1
2023-09-02 12:59:37,modified,C:/Users/Asus\AppData\Local\Temp
2023-09-02 12:59:37,modified,C:/Users/Asus\AppData\Local\Temp\openpyxl.y7gjtvb1
2023-09-02 12:59:37,Security Breach,C:/Users/Asus\AppData\Local\Temp\openpyxl.y7gjtvb1
2023-09-02 12:59:38,modified,C:/Users/Asus\AppData\Local\Temp
2023-09-02 12:59:38,created,C:/Users/Asus\AppData\Local\Temp\openpyxl.ccfu2m8d
2023-09-02 12:59:38,modified,C:/Users/Asus\AppData\Local\Temp
2023-09-02 12:59:38,modified,C:/Users/Asus\AppData\Local\Temp\openpyxl.ccfu2m8d
2023-09-02 12:59:38,deleted,C:/Users/Asus\AppData\Local\Temp\openpyxl.ccfu2m8d
2023-09-02 12:59:38,modified,C:/Users/Asus\AppData\Local\Temp
2023-09-02 12:59:38,created,C:/Users/Asus\AppData\Local\Temp\openpyxl.hnmgbb8y
2023-09-02 12:59:38,modified,C:/Users/Asus\AppData\Local\Temp
2023-09-02 12:59:38,Security Breach,C:/Users/Asus\AppData\Local\Temp\openpyxl.hnmgbb8y
2023-09-02 12:59:39,deleted,C:/Users/Asus\AppData\Local\Temp\openpyxl.hnmgbb8y
2023-09-02 12:59:39,modified,C:/Users/Asus\AppData\Local\Temp
2023-09-02 12:59:39,created,C:/Users/Asus\AppData\Local\Temp\openpyxl.qmz0qq6t
2023-09-02 12:59:39,modified,C:/Users/Asus\AppData\Local\Temp
2023-09-02 12:59:39,modified,C:/Users/Asus\AppData\Local\Temp\openpyxl.qmz0qq6t
2023-09-02 12:59:39,deleted,C:/Users/Asus\AppData\Local\Temp\openpyxl.qmz0qq6t
2023-09-02 12:59:40,modified,C:/Users/Asus\AppData\Local\Temp
2023-09-02 12:59:40,created,C:/Users/Asus\AppData\Local\Temp\openpyxl.lsnwdg84
2023-09-02 12:59:40,modified,C:/Users/Asus\AppData\Local\Temp
2023-09-02 12:59:40,modified,C:/Users/Asus\AppData\Local\Temp\openpyxl.lsnwdg84
2023-09-02 12:59:40,Security Breach,C:/Users/Asus\AppData\Local\Temp\openpyxl.lsnwdg84
2023-09-02 12:59:41,modified,C:/Users/Asus\AppData\Local\Temp
2023-09-02 12:59:41,created,C:/Users/Asus\AppData\Local\Temp\openpyxl.rbpvc67h
2023-09-02 12:59:41,modified,C:/Users/Asus\AppData\Local\Temp
2023-09-02 12:59:41,modified,C:/Users/Asus\AppData\Local\Temp\openpyxl.rbpvc67h
2023-09-02 12:59:41,deleted,C:/Users/Asus\AppData\Local\Temp\openpyxl.rbpvc67h
2023-09-02 12:59:41,modified,C:/Users/Asus\AppData\Local\Temp
2023-09-02 12:59:41,created,C:/Users/Asus\AppData\Local\Temp\openpyxl.wr8qrd45
2023-09-02 12:59:41,Security Breach,C:/Users/Asus\AppData\Local\Temp
2023-09-02 12:59:42,modified,C:/Users/Asus\AppData\Local\Temp\openpyxl.wr8qrd45
2023-09-02 12:59:42,deleted,C:/Users/Asus\AppData\Local\Temp\openpyxl.wr8qrd45
2023-09-02 12:59:42,modified,C:/Users/Asus\AppData\Local\Temp
2023-09-02 12:59:42,created,C:/Users/Asus\AppData\Local\Temp\openpyxl.7dybn2ct
2023-09-02 12:59:42,modified,C:/Users/Asus\AppData\Local\Temp
2023-09-02 12:59:42,modified,C:/Users/Asus\AppData\Local\Temp\openpyxl.7dybn2ct
2023-09-02 12:59:42,deleted,C:/Users/Asus\AppData\Local\Temp\openpyxl.7dybn2ct
2023-09-02 12:59:43,modified,C:/Users/Asus\AppData\Local\Temp
2023-09-02 12:59:43,created,C:/Users/Asus\AppData\Local\Temp\openpyxl.hc16y9du
2023-09-02 12:59:43,modified,C:/Users/Asus\AppData\Local\Temp
2023-09-02 12:59:43,modified,C:/Users/Asus\AppData\Local\Temp\openpyxl.hc16y9du
2023-09-02 12:59:43,deleted,C:/Users/Asus\AppData\Local\Temp\openpyxl.hc16y9du
2023-09-02 12:59:43,modified,C:/Users/Asus\AppData\Local\Temp
2023-09-02 12:59:43,created,C:/Users/Asus\AppData\Local\Temp\openpyxl.xh4qef6g
2023-09-02 12:59:43,modified,C:/Users/Asus\AppData\Local\Temp
2023-09-02 12:59:43,modified,C:/Users/Asus\AppData\Local\Temp\openpyxl.xh4qef6g
2023-09-02 12:59:43,deleted,C:/Users/Asus\AppData\Local\Temp\openpyxl.xh4qef6g
2023-09-02 12:59:43,modified,C:/Users/Asus\AppData\Local\Temp
2023-09-02 12:59:43,created,C:/Users/Asus\AppData\Local\Temp\openpyxl.uz0q4jm3
2023-09-02 12:59:43,modified,C:/Users/Asus\AppData\Local\Temp
2023-09-02 12:59:43,modified,C:/Users/Asus\AppData\Local\Temp\openpyxl.uz0q4jm3
2023-09-02 12:59:43,deleted,C:/Users/Asus\AppData\Local\Temp\openpyxl.uz0q4jm3
2023-09-02 12:59:43,modified,C:/Users/Asus\AppData\Local\Temp
2023-09-02 12:59:43,created,C:/Users/Asus\AppData\Local\Temp\openpyxl.d0pr7e8y
2023-09-02 12:59:43,modified,C:/Users/Asus\AppData\Local\Temp
2023-09-02 12:59:43,modified,C:/Users/Asus\AppData\Local\Temp\openpyxl.d0pr7e8y
2023-09-02 12:59:43,deleted,C:/Users/Asus\AppData\Local\Temp\openpyxl.d0pr7e8y
2023-09-02 12:59:43,Security Breach,C:/Users/Asus\AppData\Local\Temp
2023-09-02 12:59:45,created,C:/Users/Asus\AppData\Local\Temp\openpyxl.bt9mhqid
2023-09-02 12:59:45,Security Breach,C:/Users/Asus\AppData\Local\Temp
2023-09-02 12:59:46,modified,C:/Users/Asus\AppData\Local\Temp\openpyxl.bt9mhqid
2023-09-02 12:59:46,deleted,C:/Users/Asus\AppData\Local\Temp\openpyxl.bt9mhqid
2023-09-02 12:59:46,modified,C:/Users/Asus\AppData\Local\Temp
2023-09-02 12:59:46,created,C:/Users/Asus\AppData\Local\Temp\openpyxl.iafjhfrn
2023-09-02 12:59:46,modified,C:/Users/Asus\AppData\Local\Temp
2023-09-02 12:59:46,modified,C:/Users/Asus\AppData\Local\Temp\openpyxl.iafjhfrn
2023-09-02 12:59:46,deleted,C:/Users/Asus\AppData\Local\Temp\openpyxl.iafjhfrn
2023-09-02 12:59:46,modified,C:/Users/Asus\AppData\Local\Temp
2023-09-02 12:59:46,created,C:/Users/Asus\AppData\Local\Temp\openpyxl.gdc4o0vl
2023-09-02 12:59:46,modified,C:/Users/Asus\AppData\Local\Temp
2023-09-02 12:59:46,modified,C:/Users/Asus\AppData\Local\Temp\openpyxl.gdc4o0vl
2023-09-02 12:59:46,Security Breach,C:/Users/Asus\AppData\Local\Temp\openpyxl.gdc4o0vl
2023-09-02 12:59:47,modified,C:/Users/Asus\AppData\Local\Temp
2023-09-02 12:59:47,created,C:/Users/Asus\AppData\Local\Temp\openpyxl.8p7545bd
2023-09-02 12:59:47,modified,C:/Users/Asus\AppData\Local\Temp
2023-09-02 12:59:47,modified,C:/Users/Asus\AppData\Local\Temp\openpyxl.8p7545bd
2023-09-02 12:59:47,deleted,C:/Users/Asus\AppData\Local\Temp\openpyxl.8p7545bd
2023-09-02 12:59:47,modified,C:/Users/Asus\AppData\Local\Temp
2023-09-02 12:59:48,created,C:/Users/Asus\AppData\Local\Temp\openpyxl.wvkjdsxn
2023-09-02 12:59:48,Security Breach,C:/Users/Asus\AppData\Local\Temp
2023-09-02 12:59:49,modified,C:/Users/Asus\AppData\Local\Temp\openpyxl.wvkjdsxn
2023-09-02 12:59:49,deleted,C:/Users/Asus\AppData\Local\Temp\openpyxl.wvkjdsxn
2023-09-02 12:59:49,modified,C:/Users/Asus\AppData\Local\Temp
2023-09-02 12:59:49,created,C:/Users/Asus\AppData\Local\Temp\openpyxl.hr7zd4mm
2023-09-02 12:59:49,modified,C:/Users/Asus\AppData\Local\Temp
2023-09-02 12:59:49,modified,C:/Users/Asus\AppData\Local\Temp\openpyxl.hr7zd4mm
2023-09-02 12:59:49,deleted,C:/Users/Asus\AppData\Local\Temp\openpyxl.hr7zd4mm
2023-09-02 12:59:49,modified,C:/Users/Asus\AppData\Local\Temp
2023-09-02 12:59:49,created,C:/Users/Asus\AppData\Local\Temp\openpyxl.v2n8sss2
2023-09-02 12:59:49,modified,C:/Users/Asus\AppData\Local\Temp
2023-09-02 12:59:49,modified,C:/Users/Asus\AppData\Local\Temp\openpyxl.v2n8sss2
2023-09-02 12:59:49,deleted,C:/Users/Asus\AppData\Local\Temp\openpyxl.v2n8sss2
2023-09-02 12:59:49,modified,C:/Users/Asus\AppData\Local\Temp
2023-09-02 12:59:49,created,C:/Users/Asus\AppData\Local\Temp\openpyxl.fbduwhtn
2023-09-02 12:59:49,modified,C:/Users/Asus\AppData\Local\Temp
2023-09-02 12:59:49,modified,C:/Users/Asus\AppData\Local\Temp\openpyxl.fbduwhtn
2023-09-02 12:59:49,deleted,C:/Users/Asus\AppData\Local\Temp\openpyxl.fbduwhtn
2023-09-02 12:59:49,modified,C:/Users/Asus\AppData\Local\Temp
2023-09-02 12:59:50,created,C:/Users/Asus\AppData\Local\Temp\openpyxl.ygnl3wa7
2023-09-02 12:59:50,modified,C:/Users/Asus\AppData\Local\Temp
2023-09-02 12:59:50,modified,C:/Users/Asus\AppData\Local\Temp\openpyxl.ygnl3wa7
2023-09-02 12:59:50,deleted,C:/Users/Asus\AppData\Local\Temp\openpyxl.ygnl3wa7
2023-09-02 12:59:50,modified,C:/Users/Asus\AppData\Local\Temp
2023-09-02 12:59:50,created,C:/Users/Asus\AppData\Local\Temp\openpyxl.iw6fc4mq
2023-09-02 12:59:50,modified,C:/Users/Asus\AppData\Local\Temp
2023-09-02 12:59:50,modified,C:/Users/Asus\AppData\Local\Temp\openpyxl.iw6fc4mq
2023-09-02 12:59:50,deleted,C:/Users/Asus\AppData\Local\Temp\openpyxl.iw6fc4mq
2023-09-02 12:59:50,Security Breach,C:/Users/Asus\AppData\Local\Temp
2023-09-02 12:59:51,created,C:/Users/Asus\AppData\Local\Temp\openpyxl.vun34bn1
2023-09-02 12:59:51,modified,C:/Users/Asus\AppData\Local\Temp
2023-09-02 12:59:51,modified,C:/Users/Asus\AppData\Local\Temp\openpyxl.vun34bn1
2023-09-02 12:59:51,deleted,C:/Users/Asus\AppData\Local\Temp\openpyxl.vun34bn1
2023-09-02 12:59:51,modified,C:/Users/Asus\AppData\Local\Temp
2023-09-02 12:59:51,created,C:/Users/Asus\AppData\Local\Temp\openpyxl.xvm272pb
2023-09-02 12:59:51,modified,C:/Users/Asus\AppData\Local\Temp
2023-09-02 12:59:51,modified,C:/Users/Asus\AppData\Local\Temp\openpyxl.xvm272pb
2023-09-02 12:59:51,deleted,C:/Users/Asus\AppData\Local\Temp\openpyxl.xvm272pb
2023-09-02 12:59:52,modified,C:/Users/Asus\AppData\Local\Temp
2023-09-02 12:59:52,created,C:/Users/Asus\AppData\Local\Temp\openpyxl.gyo3hakp
2023-09-02 12:59:52,modified,C:/Users/Asus\AppData\Local\Temp
2023-09-02 12:59:52,modified,C:/Users/Asus\AppData\Local\Temp\openpyxl.gyo3hakp
2023-09-02 12:59:52,deleted,C:/Users/Asus\AppData\Local\Temp\openpyxl.gyo3hakp
2023-09-02 12:59:52,modified,C:/Users/Asus\AppData\Local\Temp
2023-09-02 12:59:52,created,C:/Users/Asus\AppData\Local\Temp\openpyxl.xl9u2t2w
2023-09-02 12:59:52,modified,C:/Users/Asus\AppData\Local\Temp
2023-09-02 12:59:52,modified,C:/Users/Asus\AppData\Local\Temp\openpyxl.xl9u2t2w
2023-09-02 12:59:52,deleted,C:/Users/Asus\AppData\Local\Temp\openpyxl.xl9u2t2w
2023-09-02 12:59:52,modified,C:/Users/Asus\AppData\Local\Temp
2023-09-02 12:59:52,created,C:/Users/Asus\AppData\Local\Temp\openpyxl.etrtl1e0
2023-09-02 12:59:52,Security Breach,C:/Users/Asus\AppData\Local\Temp
2023-09-02 12:59:53,modified,C:/Users/Asus\AppData\Local\Temp\openpyxl.etrtl1e0
2023-09-02 12:59:53,deleted,C:/Users/Asus\AppData\Local\Temp\openpyxl.etrtl1e0
2023-09-02 12:59:53,modified,C:/Users/Asus\AppData\Local\Temp
2023-09-02 12:59:53,created,C:/Users/Asus\AppData\Local\Temp\openpyxl.aeyxzzho
2023-09-02 12:59:53,Security Breach,C:/Users/Asus\AppData\Local\Temp
2023-09-02 12:59:54,modified,C:/Users/Asus\AppData\Local\Temp\openpyxl.aeyxzzho
2023-09-02 12:59:54,deleted,C:/Users/Asus\AppData\Local\Temp\openpyxl.aeyxzzho
2023-09-02 12:59:55,modified,C:/Users/Asus\AppData\Local\Temp
2023-09-02 12:59:55,created,C:/Users/Asus\AppData\Local\Temp\openpyxl.nx8a_hpo
2023-09-02 12:59:55,modified,C:/Users/Asus\AppData\Local\Temp
2023-09-02 12:59:55,modified,C:/Users/Asus\AppData\Local\Temp\openpyxl.nx8a_hpo
2023-09-02 12:59:55,deleted,C:/Users/Asus\AppData\Local\Temp\openpyxl.nx8a_hpo
2023-09-02 12:59:55,modified,C:/Users/Asus\AppData\Local\Temp
2023-09-02 12:59:55,created,C:/Users/Asus\AppData\Local\Temp\openpyxl.fisnxmxn
2023-09-02 12:59:55,modified,C:/Users/Asus\AppData\Local\Temp
2023-09-02 12:59:55,modified,C:/Users/Asus\AppData\Local\Temp\openpyxl.fisnxmxn
2023-09-02 12:59:55,deleted,C:/Users/Asus\AppData\Local\Temp\openpyxl.fisnxmxn
2023-09-02 12:59:55,modified,C:/Users/Asus\AppData\Local\Temp
2023-09-02 12:59:55,created,C:/Users/Asus\AppData\Local\Temp\openpyxl.sydiv11h
2023-09-02 12:59:55,modified,C:/Users/Asus\AppData\Local\Temp
2023-09-02 12:59:55,modified,C:/Users/Asus\AppData\Local\Temp\openpyxl.sydiv11h
2023-09-02 12:59:55,deleted,C:/Users/Asus\AppData\Local\Temp\openpyxl.sydiv11h
2023-09-02 12:59:55,modified,C:/Users/Asus\AppData\Local\Temp
2023-09-02 12:59:55,created,C:/Users/Asus\AppData\Local\Temp\openpyxl.vh0hj77s
2023-09-02 12:59:55,modified,C:/Users/Asus\AppData\Local\Temp
2023-09-02 12:59:55,modified,C:/Users/Asus\AppData\Local\Temp\openpyxl.vh0hj77s
2023-09-02 12:59:56,deleted,C:/Users/Asus\AppData\Local\Temp\openpyxl.vh0hj77s
2023-09-02 12:59:56,Security Breach,C:/Users/Asus\AppData\Local\Temp
2023-09-02 12:59:57,created,C:/Users/Asus\AppData\Local\Temp\openpyxl.61du0qpd
2023-09-02 12:59:57,modified,C:/Users/Asus\AppData\Local\Temp
2023-09-02 12:59:57,Security Breach,C:/Users/Asus\AppData\Local\Temp\openpyxl.61du0qpd
2023-09-02 12:59:58,Security Breach,C:/Users/Asus\AppData\Local\Temp\openpyxl.61du0qpd
2023-09-02 12:59:59,modified,C:/Users/Asus\AppData\Local\Temp
2023-09-02 12:59:59,Security Breach,C:/Users/Asus\AppData\Local\Temp\openpyxl.vg3pwlrz
2023-09-02 13:00:00,modified,C:/Users/Asus\AppData\Local\Temp
2023-09-02 13:00:00,modified,C:/Users/Asus\AppData\Local\Temp\openpyxl.vg3pwlrz
2023-09-02 13:00:00,deleted,C:/Users/Asus\AppData\Local\Temp\openpyxl.vg3pwlrz
2023-09-02 13:00:00,modified,C:/Users/Asus\AppData\Local\Temp
2023-09-02 13:00:00,created,C:/Users/Asus\AppData\Local\Temp\openpyxl.iq66w8d0
2023-09-02 13:00:00,modified,C:/Users/Asus\AppData\Local\Temp
2023-09-02 13:00:00,modified,C:/Users/Asus\AppData\Local\Temp\openpyxl.iq66w8d0
2023-09-02 13:00:00,Security Breach,C:/Users/Asus\AppData\Local\ASUS\ARMOURY CRATE Diagnosis\ArmouryCrate.UserSessionHelper_2023-09-02.log
2023-09-02 13:00:02,modified,C:/Users/Asus\AppData\Local\Packages\B9ECED6F.ArmouryCrate_qmba6cd70vzyy\LocalState\ScenarioProfile\Config\CurrentStatusCache.xml
2023-09-02 13:00:02,modified,C:/Users/Asus\AppData\Local\Temp\openpyxl.iq66w8d0
2023-09-02 13:00:02,modified,C:/Users/Asus\AppData\Local\Packages\B9ECED6F.ArmouryCrate_qmba6cd70vzyy\LocalState\ScenarioProfile\Config\CurrentStatusCache.xml
2023-09-02 13:00:02,deleted,C:/Users/Asus\AppData\Local\Temp\openpyxl.iq66w8d0
2023-09-02 13:00:02,Security Breach,C:/Users/Asus\AppData\Local\ASUS\ARMOURY CRATE Diagnosis\ArmouryCrate.UserSessionHelper_2023-09-02.log
2023-09-02 13:00:03,modified,C:/Users/Asus\AppData\Local\Temp
2023-09-02 13:00:03,created,C:/Users/Asus\AppData\Local\Temp\openpyxl.rw_tun9e
2023-09-02 13:00:03,modified,C:/Users/Asus\AppData\Local\Temp
2023-09-02 13:00:03,modified,C:/Users/Asus\AppData\Local\Temp\openpyxl.rw_tun9e
2023-09-02 13:00:03,modified,C:/Users/Asus\AppData\Local\ASUS\ARMOURY CRATE Diagnosis\ArmouryCrate.UserSessionHelper_2023-09-02.log
2023-09-02 13:00:03,modified,C:/Users/Asus\AppData\Local\Temp\openpyxl.rw_tun9e
2023-09-02 13:00:03,deleted,C:/Users/Asus\AppData\Local\Temp\openpyxl.rw_tun9e
2023-09-02 13:00:03,modified,C:/Users/Asus\AppData\Local\ASUS\ARMOURY CRATE Diagnosis\ArmouryCrate.UserSessionHelper_2023-09-02.log
2023-09-02 13:00:03,modified,C:/Users/Asus\AppData\Local\Temp
2023-09-02 13:00:03,created,C:/Users/Asus\AppData\Local\Temp\openpyxl.20tnm12g
2023-09-02 13:00:03,modified,C:/Users/Asus\AppData\Local\Temp
2023-09-02 13:00:03,modified,C:/Users/Asus\AppData\Local\Temp\openpyxl.20tnm12g
2023-09-02 13:00:03,deleted,C:/Users/Asus\AppData\Local\Temp\openpyxl.20tnm12g
2023-09-02 13:00:04,modified,C:/Users/Asus\AppData\Local\Temp
2023-09-02 13:00:04,created,C:/Users/Asus\AppData\Local\Temp\openpyxl.m032b2ai
2023-09-02 13:00:04,Security Breach,C:/Users/Asus\AppData\Local\Temp
2023-09-02 13:00:05,modified,C:/Users/Asus\AppData\Local\Temp\openpyxl.m032b2ai
2023-09-02 13:00:05,deleted,C:/Users/Asus\AppData\Local\Temp\openpyxl.m032b2ai
2023-09-02 13:00:05,modified,C:/Users/Asus\AppData\Local\Temp
2023-09-02 13:00:05,created,C:/Users/Asus\AppData\Local\Temp\openpyxl.yeca6i6n
2023-09-02 13:00:05,modified,C:/Users/Asus\AppData\Local\Temp
2023-09-02 13:00:05,modified,C:/Users/Asus\AppData\Local\Temp\openpyxl.yeca6i6n
2023-09-02 13:00:05,deleted,C:/Users/Asus\AppData\Local\Temp\openpyxl.yeca6i6n
2023-09-02 13:00:05,modified,C:/Users/Asus\AppData\Local\Temp
2023-09-02 13:00:05,created,C:/Users/Asus\AppData\Local\Temp\openpyxl.olula1vl
2023-09-02 13:00:05,modified,C:/Users/Asus\AppData\Local\Temp
2023-09-02 13:00:05,modified,C:/Users/Asus\AppData\Local\Temp\openpyxl.olula1vl
2023-09-02 13:00:05,deleted,C:/Users/Asus\AppData\Local\Temp\openpyxl.olula1vl
2023-09-02 13:00:05,Security Breach,C:/Users/Asus\AppData\Local\Temp
2023-09-02 13:00:06,created,C:/Users/Asus\AppData\Local\Temp\openpyxl.h0tt0w5g
2023-09-02 13:00:07,modified,C:/Users/Asus\AppData\Local\Temp
2023-09-02 13:00:07,modified,C:/Users/Asus\AppData\Local\Temp\openpyxl.h0tt0w5g
2023-09-02 13:00:07,deleted,C:/Users/Asus\AppData\Local\Temp\openpyxl.h0tt0w5g
2023-09-02 13:00:07,modified,C:/Users/Asus\AppData\Local\Temp
2023-09-02 13:00:07,created,C:/Users/Asus\AppData\Local\Temp\openpyxl.hjwpj_8g
2023-09-02 13:00:07,modified,C:/Users/Asus\AppData\Local\Temp
2023-09-02 13:00:07,modified,C:/Users/Asus\AppData\Local\Temp\openpyxl.hjwpj_8g
2023-09-02 13:00:07,deleted,C:/Users/Asus\AppData\Local\Temp\openpyxl.hjwpj_8g
2023-09-02 13:00:07,modified,C:/Users/Asus\AppData\Local\Temp
2023-09-02 13:00:07,created,C:/Users/Asus\AppData\Local\Temp\openpyxl.w94xnpkw
2023-09-02 13:00:07,modified,C:/Users/Asus\AppData\Local\Temp
2023-09-02 13:00:07,Security Breach,C:/Users/Asus\AppData\Local\Temp\openpyxl.w94xnpkw
2023-09-02 13:00:08,deleted,C:/Users/Asus\AppData\Local\Temp\openpyxl.w94xnpkw
2023-09-02 13:00:08,Security Breach,C:/Users/Asus\AppData\Local\Temp
2023-09-02 13:00:09,created,C:/Users/Asus\AppData\Local\Temp\openpyxl.v5naj59s
2023-09-02 13:00:09,modified,C:/Users/Asus\AppData\Local\Temp
2023-09-02 13:00:10,modified,C:/Users/Asus\AppData\Local\Temp\openpyxl.v5naj59s
2023-09-02 13:00:10,deleted,C:/Users/Asus\AppData\Local\Temp\openpyxl.v5naj59s
2023-09-02 13:00:10,modified,C:/Users/Asus\AppData\Local\Temp
2023-09-02 13:00:10,created,C:/Users/Asus\AppData\Local\Temp\openpyxl.vi0ayn37
2023-09-02 13:00:10,Security Breach,C:/Users/Asus\AppData\Local\Temp
2023-09-02 13:00:11,modified,C:/Users/Asus\AppData\Local\Temp\openpyxl.vi0ayn37
2023-09-02 13:00:11,deleted,C:/Users/Asus\AppData\Local\Temp\openpyxl.vi0ayn37
2023-09-02 13:00:11,Security Breach,C:/Users/Asus\AppData\Local\Temp
2023-09-02 13:00:12,created,C:/Users/Asus\AppData\Local\Temp\openpyxl.feobloew
2023-09-02 13:00:12,Security Breach,C:/Users/Asus\AppData\Local\Temp
2023-09-02 13:00:13,modified,C:/Users/Asus\AppData\Local\Temp\openpyxl.feobloew
2023-09-02 13:00:13,deleted,C:/Users/Asus\AppData\Local\Temp\openpyxl.feobloew
2023-09-02 13:00:14,modified,C:/Users/Asus\AppData\Local\Temp
2023-09-02 13:00:14,created,C:/Users/Asus\AppData\Local\Temp\openpyxl.bxp9gb5t
2023-09-02 13:00:14,modified,C:/Users/Asus\AppData\Local\Temp
2023-09-02 13:00:14,modified,C:/Users/Asus\AppData\Local\Temp\openpyxl.bxp9gb5t
2023-09-02 13:00:14,deleted,C:/Users/Asus\AppData\Local\Temp\openpyxl.bxp9gb5t
2023-09-02 13:00:14,modified,C:/Users/Asus\AppData\Local\Temp
2023-09-02 13:00:14,created,C:/Users/Asus\AppData\Local\Temp\openpyxl.1qhul_vy
2023-09-02 13:00:14,modified,C:/Users/Asus\AppData\Local\Temp
2023-09-02 13:00:14,modified,C:/Users/Asus\AppData\Local\Temp\openpyxl.1qhul_vy
2023-09-02 13:00:14,deleted,C:/Users/Asus\AppData\Local\Temp\openpyxl.1qhul_vy
2023-09-02 13:00:14,modified,C:/Users/Asus\AppData\Local\Temp
2023-09-02 13:00:14,created,C:/Users/Asus\AppData\Local\Temp\openpyxl.71ok52pk
2023-09-02 13:00:14,modified,C:/Users/Asus\AppData\Local\Temp
2023-09-02 13:00:15,modified,C:/Users/Asus\AppData\Local\Temp\openpyxl.71ok52pk
2023-09-02 13:00:15,deleted,C:/Users/Asus\AppData\Local\Temp\openpyxl.71ok52pk
2023-09-02 13:00:15,modified,C:/Users/Asus\AppData\Local\Temp
2023-09-02 13:00:15,created,C:/Users/Asus\AppData\Local\Temp\openpyxl.gdsokgv2
2023-09-02 13:00:15,modified,C:/Users/Asus\AppData\Local\Temp
2023-09-02 13:00:15,modified,C:/Users/Asus\AppData\Local\Temp\openpyxl.gdsokgv2
2023-09-02 13:00:15,deleted,C:/Users/Asus\AppData\Local\Temp\openpyxl.gdsokgv2
2023-09-02 13:00:15,modified,C:/Users/Asus\AppData\Local\Temp
2023-09-02 13:00:15,created,C:/Users/Asus\AppData\Local\Temp\openpyxl.p9qjgrk2
2023-09-02 13:00:15,modified,C:/Users/Asus\AppData\Local\Temp
2023-09-02 13:00:15,modified,C:/Users/Asus\AppData\Local\Temp\openpyxl.p9qjgrk2
2023-09-02 13:00:15,Security Breach,C:/Users/Asus\AppData\Local\Temp\openpyxl.p9qjgrk2
2023-09-02 13:00:16,Security Breach,C:/Users/Asus\AppData\Local\Temp
2023-09-02 13:00:17,created,C:/Users/Asus\AppData\Local\Temp\openpyxl.yxf63oo0
2023-09-02 13:00:17,Security Breach,C:/Users/Asus\AppData\Local\Temp
2023-09-02 13:00:19,modified,C:/Users/Asus\AppData\Local\Temp\openpyxl.yxf63oo0
2023-09-02 13:00:19,deleted,C:/Users/Asus\AppData\Local\Temp\openpyxl.yxf63oo0
2023-09-02 13:00:19,modified,C:/Users/Asus\AppData\Local\Temp
2023-09-02 13:00:19,created,C:/Users/Asus\AppData\Local\Temp\openpyxl.gcie7z69
2023-09-02 13:00:19,modified,C:/Users/Asus\AppData\Local\Temp
2023-09-02 13:00:19,Security Breach,C:/Users/Asus\AppData\Local\Temp\openpyxl.gcie7z69
2023-09-02 13:00:20,deleted,C:/Users/Asus\AppData\Local\Temp\openpyxl.gcie7z69
2023-09-02 13:00:20,modified,C:/Users/Asus\AppData\Local\Temp
2023-09-02 13:00:20,modified,C:/Users/Asus\AppData\Local\ASUS\ARMOURY CRATE Diagnosis\ArmouryCrate.UserSessionHelper_2023-09-02.log
2023-09-02 13:00:20,Security Breach,C:/Users/Asus\AppData\Local\Packages\B9ECED6F.ArmouryCrate_qmba6cd70vzyy\LocalState\ScenarioProfile\Config\CurrentStatusCache.xml
2023-09-02 13:00:21,Security Breach,C:/Users/Asus\AppData\Local\ASUS\ARMOURY CRATE Diagnosis\ArmouryCrate.UserSessionHelper_2023-09-02.log
2023-09-02 13:00:22,modified,C:/Users/Asus\AppData\Local\Packages\B9ECED6F.ArmouryCrate_qmba6cd70vzyy\LocalState\ScenarioProfile\Config\CurrentStatusCache.xml
2023-09-02 13:00:22,modified,C:/Users/Asus\AppData\Local\ASUS\ARMOURY CRATE Diagnosis\ArmouryCrate.UserSessionHelper_2023-09-02.log
2023-09-02 13:00:22,modified,C:/Users/Asus\AppData\Local\Packages\B9ECED6F.ArmouryCrate_qmba6cd70vzyy\LocalState\ScenarioProfile\Config\CurrentStatusCache.xml
2023-09-02 13:00:22,modified,C:/Users/Asus\AppData\Local\ASUS\ARMOURY CRATE Diagnosis\ArmouryCrate.UserSessionHelper_2023-09-02.log
2023-09-02 13:00:23,modified,C:/Users/Asus\AppData\Local\Packages\B9ECED6F.ArmouryCrate_qmba6cd70vzyy\LocalState\ScenarioProfile\Config\CurrentStatusCache.xml
2023-09-02 13:00:23,modified,C:/Users/Asus\AppData\Local\ASUS\ARMOURY CRATE Diagnosis\ArmouryCrate.UserSessionHelper_2023-09-02.log
2023-09-02 13:00:23,modified,C:/Users/Asus\AppData\Local\Packages\B9ECED6F.ArmouryCrate_qmba6cd70vzyy\LocalState\ScenarioProfile\Config\CurrentStatusCache.xml
2023-09-02 13:00:23,modified,C:/Users/Asus\AppData\Local\ASUS\ARMOURY CRATE Diagnosis\ArmouryCrate.UserSessionHelper_2023-09-02.log
2023-09-02 13:00:23,created,C:/Users/Asus\AppData\Local\Temp\openpyxl.2gdcetzf
2023-09-02 13:00:23,modified,C:/Users/Asus\AppData\Local\Temp
2023-09-02 13:00:23,modified,C:/Users/Asus\AppData\Local\Temp\openpyxl.2gdcetzf
2023-09-02 13:00:23,modified,C:/Users/Asus\AppData\Local\Packages\B9ECED6F.ArmouryCrate_qmba6cd70vzyy\LocalState\ScenarioProfile\Config\CurrentStatusCache.xml
2023-09-02 13:00:23,modified,C:/Users/Asus\AppData\Local\ASUS\ARMOURY CRATE Diagnosis\ArmouryCrate.UserSessionHelper_2023-09-02.log
2023-09-02 13:00:23,Security Breach,C:/Users/Asus\AppData\Local\Temp\openpyxl.2gdcetzf
2023-09-02 13:00:24,modified,C:/Users/Asus\AppData\Local\Packages\B9ECED6F.ArmouryCrate_qmba6cd70vzyy\LocalState\ScenarioProfile\Config\CurrentStatusCache.xml
2023-09-02 13:00:24,modified,C:/Users/Asus\AppData\Local\ASUS\ARMOURY CRATE Diagnosis\ArmouryCrate.UserSessionHelper_2023-09-02.log
2023-09-02 13:00:24,modified,C:/Users/Asus\AppData\Local\Temp
2023-09-02 13:00:24,created,C:/Users/Asus\AppData\Local\Temp\openpyxl.669dvhzm
2023-09-02 13:00:24,modified,C:/Users/Asus\AppData\Local\Temp
2023-09-02 13:00:25,Security Breach,C:/Users/Asus\AppData\Local\Temp\openpyxl.669dvhzm
2023-09-02 13:00:26,modified,C:/Users/Asus\AppData\Local\ASUS\ARMOURY CRATE Diagnosis\ArmouryCrate.UserSessionHelper_2023-09-02.log
2023-09-02 13:00:26,Security Breach,C:/Users/Asus\AppData\Local\Packages\B9ECED6F.ArmouryCrate_qmba6cd70vzyy\LocalState\ScenarioProfile\Config\CurrentStatusCache.xml
2023-09-02 13:00:27,deleted,C:/Users/Asus\AppData\Local\Temp\openpyxl.669dvhzm
2023-09-02 13:00:27,modified,C:/Users/Asus\AppData\Local\Google\Chrome\User Data\Profile 1\Network\Cookies-journal
2023-09-02 13:00:27,modified,C:/Users/Asus\AppData\Local\Google\Chrome\User Data\Profile 1\Network\Cookies
2023-09-02 13:00:27,modified,C:/Users/Asus\AppData\Local\Google\Chrome\User Data\Profile 1\Network\Cookies-journal
2023-09-02 13:00:27,modified,C:/Users/Asus\AppData\Local\ASUS\ARMOURY CRATE Diagnosis\ArmouryCrate.UserSessionHelper_2023-09-02.log
2023-09-02 13:00:27,modified,C:/Users/Asus\AppData\Local\Packages\B9ECED6F.ArmouryCrate_qmba6cd70vzyy\LocalState\ScenarioProfile\Config\CurrentStatusCache.xml
2023-09-02 13:00:27,modified,C:/Users/Asus\AppData\Local\Temp
2023-09-02 13:00:27,Security Breach,C:/Users/Asus\AppData\Local\Temp\openpyxl.i6rn8w2v
2023-09-02 13:00:28,modified,C:/Users/Asus\AppData\Local\Temp
2023-09-02 13:00:28,modified,C:/Users/Asus\AppData\Local\Temp\openpyxl.i6rn8w2v
2023-09-02 13:00:28,deleted,C:/Users/Asus\AppData\Local\Temp\openpyxl.i6rn8w2v
2023-09-02 13:00:28,Security Breach,C:/Users/Asus\AppData\Local\Temp
2023-09-02 13:00:30,created,C:/Users/Asus\AppData\Local\Temp\openpyxl.3d_girmv
2023-09-02 13:00:30,modified,C:/Users/Asus\AppData\Local\Temp
2023-09-02 13:00:30,modified,C:/Users/Asus\AppData\Local\Temp\openpyxl.3d_girmv
2023-09-02 13:00:30,deleted,C:/Users/Asus\AppData\Local\Temp\openpyxl.3d_girmv
2023-09-02 13:00:30,modified,C:/Users/Asus\AppData\Local\Temp
2023-09-02 13:00:30,created,C:/Users/Asus\AppData\Local\Temp\openpyxl.__m7j0z3
2023-09-02 13:00:30,modified,C:/Users/Asus\AppData\Local\Temp
2023-09-02 13:00:30,Security Breach,C:/Users/Asus\AppData\Local\Temp\openpyxl.__m7j0z3
